热门查询,点击次数,展示,点击率,排名
ins图片下载,58,3192,1.82%,10.93
popmars,45,170,26.47%,2.65
instagram去水印下载,33,716,4.61%,8.86
instagram图片批量下载,33,498,6.63%,9.13
ins存图,25,472,5.3%,8.13
ig私人快拍下载,23,128,17.97%,6.3
ins解析,20,1753,1.14%,9.25
ins图片保存,17,644,2.64%,7
instagram图片下载,16,884,1.81%,12.94
instagram一键下载图片,16,188,8.51%,9.3
instagram图片在线批量下载,13,117,11.11%,9.31
instagram去水印,12,411,2.92%,10.42
ins图片解析,12,352,3.41%,6.58
ins去水印,11,1884,0.58%,9.27
instagram下载图片,10,355,2.82%,11.79
ig图片下载,9,386,2.33%,12.7
ins图片,9,254,3.54%,8.68
instagram图片视频下载,9,179,5.03%,8.35
instagram原图下载,9,156,5.77%,15.79
ins批量下载,9,89,10.11%,11.35
ins图片视频下载,7,175,4%,8.15
instagram批量下载工具,7,106,6.6%,10.18
ig去水印,6,392,1.53%,13.65
instagram去水印解析,6,164,3.66%,9.78
ins头像下载,5,577,0.87%,9.34
ins图片下载工具,5,261,1.92%,9.66
ins照片下载,5,197,2.54%,14.46
ins照片提取,5,181,2.76%,8.44
保存ins图片,5,82,6.1%,8.35
ins视频解析下载,5,74,6.76%,9.39
ins视频解析,4,296,1.35%,9.69
instagram图片解析,4,211,1.9%,7.35
instagram视频解析,4,155,2.58%,10.25
下载instagram图片,4,126,3.17%,12.01
instagram视频下载,4,119,3.36%,31.76
instagram照片下载,4,94,4.26%,24.33
ins图下载,4,64,6.25%,8.56
ins视频图片下载,4,47,8.51%,9.55
ins保存图片,4,47,8.51%,9.57
ig story私人下载,4,44,9.09%,9
下载ins图片,3,325,0.92%,8.44
ins素材下载,3,194,1.55%,5.34
ig头像下载,3,161,1.86%,9.38
ins 图片下载,3,141,2.13%,11.84
ins去水印下载,3,117,2.56%,8.12
instagram 图片 批量 下载,3,87,3.45%,9.14
instagram头像下载,3,86,3.49%,9.01
instagram解析下载,3,73,4.11%,9.16
instagram 图片下载,3,65,4.62%,16.38
instagram 去 水印 下载,3,43,6.98%,9.81
instagram图片下载器,3,40,7.5%,15.9
ins批量下载工具,3,30,10%,11.27
instagram主页批量下载,3,23,13.04%,9.13
ins.popmars,3,11,27.27%,1
instagram图片下载扩展程序,3,6,50%,26.17
ins下载图片,2,362,0.55%,8.9
ins照片解析,2,77,2.6%,7.68
ins提取图片,2,74,2.7%,7.53
ins去水印解析,2,65,3.08%,9.09
ins水印,2,57,3.51%,7.4
instagram图片保存,2,49,4.08%,10.84
ig批量下载,2,35,5.71%,10.14
ins图片批量下载,2,29,6.9%,10.86
instagram批量下载,2,28,7.14%,15
ins 图片,2,22,9.09%,10.36
instagram提取,2,5,40%,12
ins图片提取,1,251,0.4%,8.59
instagram图片提取,1,132,0.76%,8.61
ig视频解析,1,81,1.23%,9.72
ins图片解析下载,1,66,1.52%,7.83
ins 解析,1,60,1.67%,9.82
ig图片解析,1,54,1.85%,7.61
ins帖子下载,1,48,2.08%,8.9
ins无水印下载,1,43,2.33%,14.67
ins提取,1,42,2.38%,9.6
ins 图片 保存,1,31,3.23%,10.68
ig story下载,1,28,3.57%,55.93
ins下载照片,1,27,3.7%,12
ig图片视频下载,1,26,3.85%,9.23
instagram 视频下载,1,26,3.85%,37.04
instagram存图,1,25,4%,11.48
ins原图下载,1,24,4.17%,12.42
instagram在线去水印,1,22,4.55%,11.27
instagram图片在线下载,1,22,4.55%,11.32
ins視頻下載,1,22,4.55%,27.32
ins下载无水印,1,17,5.88%,13.35
ins下載,1,16,6.25%,23.25
ig视频下载,1,15,6.67%,49.6
instagram图片下载app,1,14,7.14%,18.57
ig下载图片,1,14,7.14%,19.29
instagram 原 图 下载,1,14,7.14%,20.57
ig 图片下载,1,12,8.33%,17.33
instagram图片,1,12,8.33%,19.42
autosleep账号共享,1,11,9.09%,15.82
instagram照片提取,1,9,11.11%,9.78
ins 图片 下载 工具,1,9,11.11%,11
ins高清图片下载,1,7,14.29%,16.86
下载ig图片,1,6,16.67%,12.33
下载instagram视频,1,6,16.67%,53.5
ins download,1,6,16.67%,59.17
instgram图片下载,1,5,20%,10.6
instagram素材下载,1,5,20%,14.6
ins视频提取,1,5,20%,17.8
ins图片高清下载,1,3,33.33%,15.67
strategyquant crack,1,3,33.33%,34.33
ig照片下載私人,1,3,33.33%,38.33
instagram 下載圖片,1,2,50%,24
ins存图快捷指令,1,2,50%,30
ins高清视频下载,1,2,50%,49
ins快捷指令,1,2,50%,49.5
ig保存图片,1,1,100%,14
ins视频去水印,1,1,100%,15
instagram私密账户,1,1,100%,18
instagram 在线下载,1,1,100%,24
psiphon pro vpn download,1,1,100%,25
ig下載器,1,1,100%,28
instagram 图片 下载,0,193,0%,25.72
site:popmars.com,0,160,0%,14.75
ins保存,0,143,0%,7.17
ins视频下载,0,140,0%,35.52
ins下载,0,140,0%,69.87
instagram解析,0,119,0%,13.2
insinstagram图片下载,0,112,0%,9.08
ig照片下载,0,110,0%,26.81
ins 下载,0,108,0%,78.13
ig去水印下载,0,92,0%,9.58
bricscad破解,0,88,0%,23.98
ins解析下载,0,72,0%,9.75
instagram在线解析,0,72,0%,10.26
ins在线解析,0,71,0%,10.92
ig下载去水印,0,63,0%,10.02
instagram 视频 下载,0,52,0%,32.31
instagram 照片 下载,0,44,0%,30.86
ig解析,0,43,0%,14.05
instagram 下载 图片,0,42,0%,22.76
ins,0,40,0%,11.4
ins圖片下載,0,39,0%,9.41
ins視頻解析,0,38,0%,9
ins视频下周,0,36,0%,9.19
instagram story下载,0,34,0%,53.06
ins照片保存,0,32,0%,9.47
instagram 解析,0,32,0%,18.94
ig去水印软件,0,30,0%,9.7
ins 去水印,0,30,0%,10.03
ig一键下载,0,29,0%,9.14
instagram story 下载,0,28,0%,60.54
ig素材下载,0,27,0%,10.37
下载ins照片,0,26,0%,10.35
instagram无水印下载,0,25,0%,17.28
ins照片,0,25,0%,22.28
ig洗照片,0,24,0%,14.96
instagram 去水印,0,23,0%,8.91
ins 视频下载,0,23,0%,43.7
instagram下载器,0,23,0%,56.52
ig批量下載,0,22,0%,10.41
ins下载图片工具,0,22,0%,10.45
ins 图片 下载,0,21,0%,14.9
彩云天气pro共享账号,0,21,0%,19.9
ig下载照片,0,21,0%,29.19
ig图片提取,0,20,0%,9.3
ig照片提取,0,20,0%,10.35
ins下载器,0,20,0%,55.5
下载instagram,0,20,0%,80.2
ins 下载图片,0,19,0%,10.05
instagram 批量下载,0,19,0%,15.53
instagram 下载 器,0,19,0%,50.26
ig下载,0,19,0%,78.63
ig解析下载,0,18,0%,9.28
ins在线解析下载,0,17,0%,9.88
ig在线去水印,0,15,0%,9.2
ins去水印下載,0,15,0%,9.47
ins高清下载,0,15,0%,22.4
ins在线下载,0,15,0%,24.6
ins下载视频,0,15,0%,43.4
ins图片下载在线,0,14,0%,9.5
下载ins视频,0,14,0%,36.43
tanner2019版本的,0,13,0%,7.54
ins一键下载,0,13,0%,7.62
去水印ins,0,13,0%,9.69
ins图片在线下载,0,13,0%,10.92
下载 instagram 图片,0,13,0%,20.23
ins视频下载器,0,13,0%,61.23
instagram去水印软件,0,12,0%,11
instagram下载照片,0,12,0%,31.58
ins story下载,0,12,0%,39.92
ig頭像下載,0,11,0%,22.91
instagram 图片,0,11,0%,29.55
instagram視頻下載,0,11,0%,33.18
ig照片批量下载,0,10,0%,7.3
ig去水印解析,0,10,0%,8.2
ins视频批量下载,0,10,0%,10.7
instagram视频解析下载,0,10,0%,12
ig故事下载,0,10,0%,37.4
instagram下载,0,10,0%,84.8
ig視頻解析,0,9,0%,7.67
instagram 视频解析,0,9,0%,10.44
instagram下载无水印,0,9,0%,15.44
instagram 下载图片,0,9,0%,18.44
ins圖片,0,9,0%,24.78
instagram视频下载器,0,9,0%,42.22
ig照片下載,0,9,0%,49
ins video 下载,0,9,0%,49.44
ig照片去水印,0,8,0%,11.62
ins 照片下载,0,8,0%,13.12
ig私人照片下載,0,8,0%,25.75
ins快拍下载,0,8,0%,26.5
instagram照片下載,0,8,0%,38.25
ins 下载 器,0,8,0%,54.75
批量下载instagram图片,0,7,0%,10.29
instagram批量下载图片,0,7,0%,10.43
ins视频无水印下载,0,7,0%,15.86
ig 图片 下载,0,7,0%,23.71
下载ig照片,0,7,0%,29.57
ins 视频 下载,0,7,0%,34.14
ig highlight download,0,7,0%,65.14
instagram 下载,0,7,0%,89.29
ig洗素材,0,6,0%,7.33
insta图片下载,0,6,0%,8.83
ig在线解析,0,6,0%,10.33
instagram视频图片下载,0,6,0%,12
instagram图片下载工具,0,6,0%,13.67
ins图片 下载,0,6,0%,15.17
ins图片下载器,0,6,0%,18.17
ins 照片 下载,0,6,0%,22
ins图片怎么保存,0,6,0%,24.33
instagram 无水印下载,0,6,0%,25.17
ins视频在线下载,0,6,0%,27.83
ins视频下载无水印,0,6,0%,30.33
ig 批量下載,0,6,0%,36.33
instagram视频下载在线,0,6,0%,36.67
下载ig story,0,6,0%,37.67
instagram highlight download,0,6,0%,65.83
ig下载器,0,6,0%,69
ig图片保存,0,5,0%,10.4
ins影片下载,0,5,0%,10.4
下载ins,0,5,0%,19.4
instagram在线下载,0,5,0%,19.8
ins下载工具,0,5,0%,23.8
ins怎么下载图片,0,5,0%,24.6
ig 頭像下載,0,5,0%,25.8
instagram图片下载插件,0,5,0%,27.2
ig圖片下載,0,5,0%,35.2
下載instagram照片,0,5,0%,40.6
ig快拍下载,0,5,0%,42
instagram highlights download,0,5,0%,43.4
ig下载story,0,5,0%,49.4
ins图片下载快捷指令,0,5,0%,52.6
ig story 下载,0,5,0%,57
ig私人帳號照片下載,0,5,0%,58.6
instagram 下载器,0,5,0%,65
ig post download,0,5,0%,87.2
ins视频保存,0,4,0%,6.75
ig存图,0,4,0%,7.5
ig提取照片,0,4,0%,8.5
instagram去水印app,0,4,0%,11
下载 ins 图片,0,4,0%,13.25
下载instagram 图片,0,4,0%,15
instagram私人下载器,0,4,0%,16
ins怎么保存图片,0,4,0%,20.75
instagram視頻下载,0,4,0%,23
ins无水印,0,4,0%,23.75
instagram图片下载快捷指令,0,4,0%,27.75
instagram 照片下载,0,4,0%,28.5
instagram 視頻下載,0,4,0%,28.5
instagram 下载照片,0,4,0%,29.25
怎么保存ins图片,0,4,0%,30.25
omnireader pro,0,4,0%,34
怎么下载instagram的图片,0,4,0%,41.75
instagram下载快捷指令,0,4,0%,43
如何下载instagram的图片,0,4,0%,44.25
ins 下载器,0,4,0%,45
instagram视频下载快捷指令,0,4,0%,45.75
ig私人影片下載,0,4,0%,46.25
下载 ins 视频,0,4,0%,53.75
instagram 头像,0,4,0%,60.75
ig图片,0,4,0%,64.75
vellum mac,0,4,0%,65.75
igtv download,0,4,0%,67.75
ig 下载,0,4,0%,76.75
instagram解析在线,0,3,0%,9.67
ig去水印工具,0,3,0%,10
下载 ins 照片,0,3,0%,14.67
下载instagram照片,0,3,0%,16
ig 去水印,0,3,0%,18.33
instagram 保存图片,0,3,0%,19.33
instagram 照片 下載,0,3,0%,20
ig 照片下载,0,3,0%,20.33
如何下载ins图片,0,3,0%,24.67
instagram photo下载,0,3,0%,25
ig 私人下載,0,3,0%,25.33
ig无水印下载,0,3,0%,25.33
instagram视频下载工具,0,3,0%,26.33
ins的图片怎么保存,0,3,0%,27.67
ins图片下载插件,0,3,0%,30.33
ig怎么保存图片,0,3,0%,32.67
ins 下載,0,3,0%,33.33
instagram下載多張照片,0,3,0%,35
ins story 下载,0,3,0%,37.33
ins链接下载,0,3,0%,38.33
批量下載ig照片,0,3,0%,39.33
ins头像,0,3,0%,41.33
ins图片怎么下载,0,3,0%,42.33
ig 圖片 下載,0,3,0%,42.67
ig批次下載,0,3,0%,51.67
ins下载快捷指令,0,3,0%,52.67
instagram快拍下载,0,3,0%,53.67
ins视频下载快捷指令,0,3,0%,55.33
instagram video 下载,0,3,0%,56.33
instagram 下載多張照片,0,3,0%,56.33
ins视频 下载,0,3,0%,56.67
unlockgo mac,0,3,0%,58
ig视频下载器,0,3,0%,62.33
orcad crack,0,3,0%,70
cisdem iphone cleaner,0,3,0%,80.33
ins downlownload,0,3,0%,82.33
site:made-in-china.com,0,3,0%,83.33
cm browser adblock,0,3,0%,84.33
shadowrocket共享账号,0,2,0%,7
ig图片批量下载,0,2,0%,8
instagram图片 下载,0,2,0%,8
ins 圖片,0,2,0%,8.5
ig一鍵下載,0,2,0%,9.5
ig提取,0,2,0%,10
ins 下载 图片,0,2,0%,11
lnstagram去水印,0,2,0%,11
ins 照片,0,2,0%,11.5
instagram 图片 保存,0,2,0%,11.5
instagram 图片 下载 工具,0,2,0%,15
instagram免费下载,0,2,0%,19
ins主页批量下载,0,2,0%,20.5
instagram视频提取,0,2,0%,23
ig 頭像 下載,0,2,0%,24.5
ins照片下載,0,2,0%,26
ins视频下载网站,0,2,0%,26.5
ig下載照片,0,2,0%,30.5
ig 视频下载,0,2,0%,31
instagram下载工具,0,2,0%,31.5
ins视频免费下载,0,2,0%,31.5
kwgt pro破解版,0,2,0%,32.5
ins视频下载工具,0,2,0%,34
instagram故事下载,0,2,0%,34.5
ins如何保存图片,0,2,0%,35
安卓手机怎么下载instagram,0,2,0%,35
下載ig頭像,0,2,0%,36
instagram 下载视频,0,2,0%,39
instagram下载视频,0,2,0%,42.5
psiphon pro pc,0,2,0%,42.5
ig 圖片下載,0,2,0%,44.5
autosleep,0,2,0%,45.5
ig 照片 下載,0,2,0%,48
alook浏览器电脑版,0,2,0%,51
下载ig影片,0,2,0%,52
instagram怎么保存图片,0,2,0%,52.5
psiphon,0,2,0%,54.5
如何下载ins上的图片,0,2,0%,57
download instagram highlights,0,2,0%,58
如何下载instagram照片,0,2,0%,58.5
ig素材下載,0,2,0%,60.5
instagram怎么下载图片,0,2,0%,62
tap2free,0,2,0%,62.5
download ig,0,2,0%,66.5
下載ig照片ios,0,2,0%,71.5
下載ig照片,0,2,0%,72
usb audio player pro,0,2,0%,72.5
download ig highlight,0,2,0%,74
instagram postdownload,0,2,0%,75
nitro pro enterprise portable,0,2,0%,79.5
ig 圖片,0,2,0%,80.5
instagram highlight downloader,0,2,0%,94.5
site:ikuajingquan.com,0,2,0%,100.5
shadowrocket ios账号共享,0,1,0%,4
download instagram highlights with username,0,1,0%,7
go2cam,0,1,0%,7
download nitro pro 8,0,1,0%,8
https://instagram.iiilab.com/,0,1,0%,8
ig图片下载工具,0,1,0%,8
ig头像下载器,0,1,0%,9
in下载,0,1,0%,9
ig去水印下載,0,1,0%,10
instagram視頻解析,0,1,0%,10
ins保存照片,0,1,0%,10
ins封面下载,0,1,0%,10
strategyquant tutorial,0,1,0%,11
how to download instagram highlights of private account,0,1,0%,12
teatv ios download,0,1,0%,12
ins在线去水印解析,0,1,0%,14
instagram保存,0,1,0%,15
phonerescue for windows,0,1,0%,15
waze apk mod,0,1,0%,15
igtv 保存,0,1,0%,16
ig去水印网站,0,1,0%,16
ins私密账户,0,1,0%,16
ig 視頻下載,0,1,0%,17
ig保存,0,1,0%,18
shadowrocket 模块,0,1,0%,18
download igtv video,0,1,0%,19
instagram視頻圖片下載,0,1,0%,19
下载instagram视频和照片,0,1,0%,20
es file explorer pro apk mod,0,1,0%,21
instagram圖片下載,0,1,0%,21
在线下载ins,0,1,0%,22
instagram下載圖片,0,1,0%,23
instagram帖子下载,0,1,0%,23
保存ins视频,0,1,0%,23
how to download private instagram highlights,0,1,0%,24
ig photo下载,0,1,0%,24
psiphon apk,0,1,0%,26
ins视频下载高清,0,1,0%,27
teatv android,0,1,0%,27
nulled minecraft,0,1,0%,28
promina board,0,1,0%,28
如何保存ins图片,0,1,0%,28
ig下载无水印,0,1,0%,29
instgram视频下载,0,1,0%,29
ig 圖下載,0,1,0%,31
instagram reels private account,0,1,0%,31
instagram视频在线下载,0,1,0%,31
in图片下载,0,1,0%,31
私人ig下載,0,1,0%,31
instagram 下載 電腦 版,0,1,0%,32
insta视频下载,0,1,0%,32
risa 3d crack,0,1,0%,32
下载instagram 视频,0,1,0%,32
ig下载影片,0,1,0%,33
instagram高清下载,0,1,0%,33
ins视频高清下载,0,1,0%,33
teatv website,0,1,0%,33
private instagram reels download,0,1,0%,34
下載instagram照片捷徑,0,1,0%,35
cm browser apk,0,1,0%,37
ig 下載圖片,0,1,0%,37
ig下載圖,0,1,0%,37
ins 下载 视频,0,1,0%,37
instagram視頻下載器,0,1,0%,37
freelancer portfolio template,0,1,0%,38
instagram影片下載,0,1,0%,38
psiphon app,0,1,0%,38
instagram下載電腦版,0,1,0%,39
ins怎么保存原图,0,1,0%,39
in视频下载,0,1,0%,39
polyboard 8,0,1,0%,39
一鍵下載ig照片,0,1,0%,39
4easysoft iphone transfer,0,1,0%,41
habitica for pc,0,1,0%,41
instagram 2020 download,0,1,0%,41
instagram高画质下载,0,1,0%,41
ig stories下载,0,1,0%,42
igtv videos,0,1,0%,42
instagram下載app,0,1,0%,42
instagram图片怎么保存,0,1,0%,42
psiphon pro for ios,0,1,0%,42
insta story 下载,0,1,0%,43
instagram 视频 下载 器,0,1,0%,43
pdocrud,0,1,0%,43
insta 保存,0,1,0%,44
ig視頻下載,0,1,0%,45
ins 下载视频,0,1,0%,45
instagram video下载,0,1,0%,45
instamarr,0,1,0%,45
arcgis online dashboard tutorial,0,1,0%,46
expressvpn mod pc,0,1,0%,46
hd tune pro 6.10破解,0,1,0%,47
topaz gigapixel crack,0,1,0%,47
voloco android,0,1,0%,47
cloudhub app,0,1,0%,48
ig 私人影片下載,0,1,0%,48
ins视频怎么下载,0,1,0%,49
ig story 下載,0,1,0%,50
ig 批次下載,0,1,0%,50
isograph,0,1,0%,50
instagram 下載照片,0,1,0%,51
voloco premium,0,1,0%,51
下載ig相,0,1,0%,51
access notability on pc,0,1,0%,53
download instagram for ios,0,1,0%,53
ins原视频下载,0,1,0%,53
mintos app,0,1,0%,53
图片解析下载,0,1,0%,53
instagram 视频下载器,0,1,0%,54
ins照片怎么保存,0,1,0%,55
daygram pc,0,1,0%,56
ios minecraft免費下載,0,1,0%,56
private reel download,0,1,0%,56
auto tune app android,0,1,0%,57
expressvpn apkpure,0,1,0%,57
ig快拍下載,0,1,0%,57
arbortext editor download,0,1,0%,58
ig圖片 下載,0,1,0%,58
ins怎么保存视频,0,1,0%,58
voloco autotune,0,1,0%,58
unlockgo,0,1,0%,59
usb audio player pro app,0,1,0%,59
airlock among us,0,1,0%,60
cm browser,0,1,0%,60
instagram 官网 下载,0,1,0%,60
mcare website,0,1,0%,60
vellum for mac,0,1,0%,60
instagram story 保存,0,1,0%,61
autosleep ios,0,1,0%,62
instagram for ipad download,0,1,0%,62
shadowrocket按需求连接,0,1,0%,62
怎么下载ins上的图片,0,1,0%,63
照片下载器,0,1,0%,63
instagram头像,0,1,0%,65
怎么下载ins上的视频,0,1,0%,65
psiphon pro ios,0,1,0%,66
downloaded instagram,0,1,0%,68
小火箭https解密,0,1,0%,69
bluebeam破解版,0,1,0%,70
instagram图片怎么下载,0,1,0%,70
下載 ig 照片,0,1,0%,70
cisdem,0,1,0%,71
cadence allegro crack,0,1,0%,72
download bluebeam revu,0,1,0%,72
piaf vuejs,0,1,0%,72
tiktok解锁,0,1,0%,73
小火箭延迟测试方法选哪个,0,1,0%,73
instagram保存照片,0,1,0%,74
bluebeam stock,0,1,0%,75
如何下载ins视频,0,1,0%,75
seomoz webapp,0,1,0%,77
download highlight instagram,0,1,0%,78
ins highlight,0,1,0%,78
js matrimonial,0,1,0%,78
ig highlights download,0,1,0%,79
instagram post download,0,1,0%,79
ovoo app,0,1,0%,79
airpano travel book,0,1,0%,81
nitro pro 7,0,1,0%,82
highlights instagram download,0,1,0%,83
bluebeam crack,0,1,0%,85
geekbench 4下载,0,1,0%,85
habitica下载,0,1,0%,87
ig 素材,0,1,0%,87
ig video 下載,0,1,0%,88
download ig highlight story,0,1,0%,91
nitro reader 5,0,1,0%,93
quantumult共享账号,0,1,0%,93
pixelmator,0,1,0%,94
teatv for pc,0,1,0%,95
download instagram highlight videos,0,1,0%,97
instagram视频下载app,0,1,0%,97
ig頭像,0,1,0%,98
auto sleep,0,1,0%,99
instagram windows下载,0,1,0%,99
instagram下載,0,1,0%,99
instagram download,0,1,0%,100
instagram highlights downloader,0,1,0%,100
primenap app,0,1,0%,100
how to get minecraft for free on ios,0,1,0%,101