排名靠前的网页,点击次数,展示,点击率,排名
http://ins.popmars.com/,563,20980,2.68%,12.48
https://ins.popmars.com/download-private-post.php,133,995,13.37%,12.51
https://ins.popmars.com/,117,4850,2.41%,11.99
https://ins.popmars.com/download-profile-photo.php,25,1113,2.25%,11.04
https://www.popmars.com/,11,347,3.17%,2.16
https://ins.popmars.com/download-post.php,10,11250,0.09%,11.11
https://www.popmars.com/图文教程/别人看抖音娱乐，我们用它赚钱！使用auto-js脚本让抖/,6,39,15.38%,26.95
https://www.popmars.com/pc软件/tanner-tools-2019-2破解版/,6,32,18.75%,11.97
http://www.popmars.com/,5,39,12.82%,2.59
https://ins.popmars.com/system/help.php,3,14401,0.02%,9.56
https://ins.popmars.com/system/userlogin.php,3,123,2.44%,29.89
https://www.popmars.com/ios应用/autosleep-通过手表自动追踪睡眠/,3,35,8.57%,24.71
https://www.popmars.com/pc软件/isograph-reliability-workbench-v14-0破解版/,3,17,17.65%,14.06
https://www.popmars.com/pc软件/bluebeam-revu-extreme-2019破解版/,3,8,37.5%,13.75
https://www.popmars.com/pc软件/cadence-spb-allegro-and-orcad-v17-40破解版/,2,27,7.41%,41.48
https://www.popmars.com/ios应用/抖音国际版（tik-tok）锁区解锁观看方法/,2,25,8%,30.6
https://www.popmars.com/page/2/,2,16,12.5%,6.75
https://www.popmars.com/pc软件/isograph-availability-workbench-v4-0破解版/,2,14,14.29%,21.36
https://www.popmars.com/tag/strategyquant-x完全破解/,2,11,18.18%,17.55
https://www.popmars.com/tag/strategyquant-x破解下载/,2,10,20%,17
https://www.popmars.com/pc软件/risa-2d-16-01破解版/,2,6,33.33%,5.83
https://www.popmars.com/pc软件/parallel-graphics-cortona3d-rapidauthor-11-1破解版/,2,3,66.67%,10.33
https://ins.popmars.com/system/usereg.php,1,14374,0.01%,9.46
https://ins.popmars.com/tos.php,1,13585,0.01%,9.44
https://ins.popmars.com/download-stories.php,1,174,0.57%,46.51
https://www.popmars.com/pc软件/bricsys-bricscad-platinum-20-1破解版/,1,94,1.06%,24.94
https://www.popmars.com/安卓app/anzhuopianruheyijian/,1,76,1.32%,35.01
https://www.popmars.com/macapp/vellum-v3-8-8-mac版-高效美观的电子书排版与生成工具/,1,14,7.14%,32.86
https://www.popmars.com/macapp/itoolab-unlockgo-v6-1-0-mac版-苹果设备密码解锁神器，一键解决各类ios/,1,12,8.33%,30
https://www.popmars.com/pc软件/lighting-analysts-agi32-v19-10破解版/,1,10,10%,9.4
https://www.popmars.com/安卓app/amonguschaojikudefan/,1,9,11.11%,26.44
https://www.popmars.com/pc软件/risafloor-12-0-5破解版/,1,8,12.5%,18.25
https://ins.popmars.com/?newpost,1,7,14.29%,19.43
https://www.popmars.com/page/35/?swkmqlof-111058defghijk_htm,1,6,16.67%,9.83
https://www.popmars.com/ios应用/纪念碑谷2/,1,6,16.67%,139.5
https://www.popmars.com/安卓app/轰炸机朋友mod游戏/,1,5,20%,4.6
https://www.popmars.com/tag/破解应用安卓app，免费apk/page/2/,1,5,20%,15.4
https://www.popmars.com/pc软件/rapidlasso-lastools-suite-2019破解版/,1,5,20%,26
https://www.popmars.com/macapp/kerlig-v2-1-0-mac版-强大的ai写作助手，提升写作效率与质量/,1,4,25%,6.5
https://www.popmars.com/未分类/rexhyip-hyip监控和列表html模板/,1,4,25%,16.75
https://www.popmars.com/pc软件/cleanmymacxmultiling/,1,3,33.33%,3.33
https://www.popmars.com/page/18/?zxwggzkn-83060_htm,1,3,33.33%,44.67
https://www.popmars.com/pc软件/theseus-fe-7-1-5破解版/,1,2,50%,3.5
https://www.popmars.com/pc软件/kindle-converter-3-20-905-386kindle-converter-3-20-905-386/,1,2,50%,5
https://www.popmars.com/安卓app/自动背景转换器/,1,2,50%,8.5
https://www.popmars.com/page/42/?pereqrrj-5873abc_htm,1,1,100%,6
https://www.popmars.com/html_template/,0,143,0%,3.09
https://www.popmars.com/links/,0,143,0%,5.71
https://www.popmars.com/macapp/,0,142,0%,3.33
https://www.popmars.com/psd/arcworksvhejianzhugo/,0,105,0%,8.39
https://www.popmars.com/page/4/,0,98,0%,10.13
https://www.popmars.com/lostpwd/,0,96,0%,6.09
https://www.popmars.com/tags/,0,80,0%,4.85
https://www.popmars.com/在线游戏/,0,68,0%,15.06
https://www.popmars.com/user/,0,62,0%,8.05
https://www.popmars.com/ai/,0,60,0%,6.75
https://ins.popmars.com/download-highlights.php,0,53,0%,49.4
https://www.popmars.com/vip-prices,0,47,0%,9.98
https://ins.popmars.com/download-latest-posts.php,0,37,0%,9
https://www.popmars.com/安卓app/,0,36,0%,9.11
https://www.popmars.com/psd/zhuanyebaozhiheduoyo/,0,35,0%,18.49
https://ins.popmars.com/system/userinfo.php,0,35,0%,22.91
https://www.popmars.com/tag/ins/,0,29,0%,24.83
https://www.popmars.com/tag/retro/,0,27,0%,24.3
https://www.popmars.com/ios应用/彩云天气pro/,0,27,0%,25.56
https://www.popmars.com/pc软件/amonguswomenzhijianz/,0,27,0%,27
https://www.popmars.com/ios应用/【ios工具篇】如何免费下载instagram上的图片-视频/,0,27,0%,41
https://ins.popmars.com/download-igtv-videos.php,0,26,0%,46.04
https://www.popmars.com/register/,0,24,0%,6.96
https://www.popmars.com/未分类/envavhechuangyijijia/,0,24,0%,24.42
https://www.popmars.com/tag/test/,0,24,0%,25.58
https://www.popmars.com/tag/amongusrenmoshi/,0,24,0%,28.54
https://www.popmars.com/tag/quantumult-账号/,0,24,0%,39.08
https://ins.popmars.com/privacy.html,0,24,0%,41.08
https://www.popmars.com/项目思路教程/,0,23,0%,26
https://www.popmars.com/tag/新型肺炎/,0,23,0%,28.09
https://www.popmars.com/author/aa978c0d4da09d5a/page/4/,0,23,0%,35.13
https://www.popmars.com/ios应用/camera-2/,0,23,0%,36.87
https://www.popmars.com/page/59/?rlyqxssz-199397cdefghi_htm,0,23,0%,93.43
https://www.popmars.com/pc软件/phonerescueforandroi/,0,22,0%,19.86
https://www.popmars.com/macapp/page/2/,0,22,0%,27.14
https://www.popmars.com/ios应用/alook浏览器-2倍速/,0,22,0%,57.05
https://www.popmars.com/page/10/?pereqrrj-296190_htm,0,22,0%,60.41
https://www.popmars.com/page/58/?vbtwcekg-68804bcde_htm,0,22,0%,73.32
https://www.popmars.com/page/40/?pereqrrj-58131d_htm,0,22,0%,73.73
https://www.popmars.com/page/3/,0,21,0%,10.43
https://www.popmars.com/ios应用/prune/,0,21,0%,30.57
https://www.popmars.com/author/aa978c0d4da09d5a/page/14/,0,21,0%,38.71
https://www.popmars.com/ios应用/hitman-go/,0,21,0%,39.71
https://www.popmars.com/tag/strategyquant-x免费/,0,21,0%,39.81
https://www.popmars.com/page/59/?zxwggzkn-84080_htm,0,21,0%,64.29
https://www.popmars.com/page/42/?swkmqlof-199771f_htm,0,21,0%,65.29
https://www.popmars.com/page/59/?zxwggzkn-161483abc_htm,0,21,0%,71.24
https://www.popmars.com/page/59/?zxwggzkn-217195ghijk_htm,0,21,0%,80.95
https://www.popmars.com/page/59/?pereqrrj-53530_htm,0,21,0%,84.95
https://www.popmars.com/page/8/?qnnxnnuv-56540_htm,0,21,0%,86.76
https://www.popmars.com/page/11/?hccolbdv-12360_htm,0,21,0%,88.29
https://www.popmars.com/page/31/?swkmqlof-225730_htm,0,21,0%,95.86
https://www.popmars.com/数据/,0,20,0%,7.45
https://www.popmars.com/author/aa978c0d4da09d5a/page/29/,0,20,0%,34.8
https://www.popmars.com/page/58/?rlyqxssz-126401c_htm,0,20,0%,44.95
https://www.popmars.com/page/43/?qnnxnnuv-56540_htm,0,20,0%,67.8
https://www.popmars.com/page/38/?qnnxnnuv-268310_htm,0,20,0%,77.7
https://www.popmars.com/page/17/?hccolbdv-295220_htm,0,20,0%,95.2
https://www.popmars.com/page/59/?vxfkcfni-197332cd_htm,0,20,0%,95.2
https://www.popmars.com/ios应用/pixelmator/,0,19,0%,32.89
https://www.popmars.com/author/aa978c0d4da09d5a/page/96/,0,19,0%,44.37
https://www.popmars.com/page/58/?swkmqlof-147042ab_htm,0,19,0%,54.53
https://www.popmars.com/page/22/?rlyqxssz-296551d_htm,0,19,0%,59
https://www.popmars.com/page/4/?xtohzxkg-70291e_htm,0,19,0%,136.42
https://www.popmars.com/page/59/?hccolbdv-283486abcdef_htm,0,19,0%,137.42
https://www.popmars.com/page/19/?zxwggzkn-12855defgh_htm,0,19,0%,145.79
https://www.popmars.com/page/59/?vxfkcfni-57099abcdefghi_htm,0,19,0%,167.63
https://www.popmars.com/page/12/?vbtwcekg-202945bcdef_htm,0,19,0%,169.16
https://www.popmars.com/page/59/?qnnxnnuv-2480_htm,0,19,0%,177.47
https://www.popmars.com/page/19/?rlyqxssz-68885fghij_htm,0,19,0%,178.47
https://www.popmars.com/page/16/?swkmqlof-3350_htm,0,19,0%,181.47
https://www.popmars.com/page/26/?hccolbdv-210211b_htm,0,19,0%,182.53
https://www.popmars.com/tag/ins图片视频下载/,0,18,0%,7.06
https://www.popmars.com/page/27/?vkbbnwzd-21172ef_htm,0,18,0%,26.72
https://www.popmars.com/tag/strategyquant-x补丁/,0,18,0%,44
https://www.popmars.com/图文教程/如何正确利用小火箭进行科学上网？/,0,18,0%,46.28
https://www.popmars.com/page/40/?pereqrrj-201508ghijklmn_htm,0,18,0%,98.94
https://www.popmars.com/page/51/?zxwggzkn-54941f_htm,0,18,0%,100.94
https://www.popmars.com/page/22/?vkbbnwzd-21172ef_htm,0,18,0%,114.89
https://www.popmars.com/page/9/?pereqrrj-30430_htm,0,18,0%,132.61
https://www.popmars.com/page/58/?vbtwcekg-36890_htm,0,18,0%,133.89
https://www.popmars.com/page/23/?hccolbdv-185860_htm,0,18,0%,134.94
https://www.popmars.com/page/15/?hccolbdv-150403bcd_htm,0,18,0%,140.78
https://www.popmars.com/page/26/?qnnxnnuv-45101a_htm,0,18,0%,155.33
https://www.popmars.com/page/59/?vxfkcfni-88884fghi_htm,0,18,0%,157.56
https://www.popmars.com/page/4/?vxfkcfni-280430_htm,0,18,0%,164.83
https://www.popmars.com/page/35/?vxfkcfni-145108fghijklm_htm,0,18,0%,170.78
https://www.popmars.com/page/59/?rlyqxssz-80643def_htm,0,18,0%,184.56
https://www.popmars.com/page/56/?swkmqlof-62301b_htm,0,18,0%,187.89
https://www.popmars.com/page/35/?qnnxnnuv-135699efghijklm_htm,0,17,0%,49.18
https://www.popmars.com/page/25/?vkbbnwzd-55749bcdefghij_htm,0,17,0%,50.47
https://www.popmars.com/page/46/?zxwggzkn-68401e_htm,0,17,0%,51.12
https://www.popmars.com/page/32/?zxwggzkn-282290_htm,0,17,0%,53.59
https://www.popmars.com/ios应用/amongustaikongbanlan/,0,17,0%,57.88
https://www.popmars.com/page/15/?hccolbdv-181000_htm,0,17,0%,72.94
https://www.popmars.com/page/36/?swkmqlof-72319cdefghijk_htm,0,17,0%,79.18
https://www.popmars.com/page/5/?vxfkcfni-100875fghij_htm,0,17,0%,80.18
https://www.popmars.com/page/12/?vxfkcfni-263830_htm,0,17,0%,120.94
https://www.popmars.com/page/10/?rlyqxssz-121760_htm,0,17,0%,123.18
https://www.popmars.com/page/11/?vbtwcekg-202945bcdef_htm,0,17,0%,131.41
https://www.popmars.com/page/20/?qnnxnnuv-56540_htm,0,17,0%,173.65
https://www.popmars.com/page/4/?hccolbdv-117190_htm,0,17,0%,185.82
https://www.popmars.com/page/59/?vbtwcekg-103295defgh_htm,0,17,0%,186.88
https://www.popmars.com/tag/videoleap-pro/,0,16,0%,29.56
https://www.popmars.com/page/5/?swkmqlof-9592cd_htm,0,16,0%,45.38
https://www.popmars.com/pc软件/nitroproenterprisexx/,0,16,0%,45.81
https://www.popmars.com/page/59/?pereqrrj-110800_htm,0,16,0%,46.38
https://www.popmars.com/ai/人工智能你也可以是大文豪，利用人工智能在线写/,0,16,0%,53.56
https://www.popmars.com/page/23/?pereqrrj-167320_htm,0,16,0%,57.38
https://www.popmars.com/page/4/?rlyqxssz-72860_htm,0,16,0%,71.12
https://www.popmars.com/page/21/?hccolbdv-209220_htm,0,16,0%,86.5
https://www.popmars.com/page/36/?rlyqxssz-123355bcdef_htm,0,16,0%,89.12
https://www.popmars.com/page/17/?swkmqlof-9592cd_htm,0,16,0%,100.31
https://www.popmars.com/page/36/?vbtwcekg-202945bcdef_htm,0,16,0%,104.38
https://www.popmars.com/page/25/?hccolbdv-4003ghi_htm,0,16,0%,108.25
https://www.popmars.com/page/55/?pereqrrj-70260_htm,0,16,0%,110.06
https://www.popmars.com/page/34/?vbtwcekg-232300_htm,0,16,0%,129.5
https://www.popmars.com/page/24/?pereqrrj-206294efgh_htm,0,16,0%,154.69
https://www.popmars.com/page/31/?vkbbnwzd-193490_htm,0,16,0%,160.25
https://www.popmars.com/page/8/?pereqrrj-5720_htm,0,16,0%,172.62
https://www.popmars.com/page/45/?vbtwcekg-120032de_htm,0,16,0%,182.69
https://www.popmars.com/page/58/?zxwggzkn-21340_htm,0,16,0%,190.94
https://www.popmars.com/psd/,0,15,0%,5
https://www.popmars.com/pc软件/amongustaikonglangre/,0,15,0%,28.4
https://www.popmars.com/page/35/?vbtwcekg-134480_htm,0,15,0%,42.47
https://www.popmars.com/page/29/?zxwggzkn-83060_htm,0,15,0%,44.4
https://www.popmars.com/page/14/?hccolbdv-144621b_htm,0,15,0%,59.27
https://www.popmars.com/page/37/?swkmqlof-5762bc_htm,0,15,0%,65.4
https://www.popmars.com/page/59/?pereqrrj-240576abcdef_htm,0,15,0%,70.13
https://www.popmars.com/page/52/?vkbbnwzd-173963ghi_htm,0,15,0%,79.07
https://www.popmars.com/page/36/?pereqrrj-5670_htm,0,15,0%,103.2
https://www.popmars.com/page/48/?zxwggzkn-242783cde_htm,0,15,0%,122.33
https://www.popmars.com/page/58/?rlyqxssz-44725cdefg_htm,0,15,0%,126.53
https://www.popmars.com/page/59/?qnnxnnuv-121233abc_htm,0,15,0%,132
https://www.popmars.com/page/58/?rlyqxssz-1550_htm,0,15,0%,150.93
https://www.popmars.com/page/50/?vbtwcekg-232300_htm,0,15,0%,156.2
https://www.popmars.com/page/35/?zxwggzkn-282290_htm,0,15,0%,179.6
https://www.popmars.com/page/24/?zxwggzkn-242783cde_htm,0,15,0%,183.8
https://www.popmars.com/page/58/?xtohzxkg-1801c_htm,0,15,0%,192
https://www.popmars.com/page/19/?vxfkcfni-93592cd_htm,0,14,0%,86.93
https://www.popmars.com/page/25/?pereqrrj-175380_htm,0,14,0%,90.29
https://www.popmars.com/page/15/?zxwggzkn-125231b_htm,0,14,0%,98.64
https://www.popmars.com/page/19/?vbtwcekg-232300_htm,0,14,0%,110.93
https://www.popmars.com/page/51/?xtohzxkg-121930_htm,0,14,0%,114.07
https://www.popmars.com/page/48/?rlyqxssz-199212gh_htm,0,14,0%,118.36
https://www.popmars.com/page/17/?pereqrrj-240576abcdef_htm,0,14,0%,139.21
https://www.popmars.com/page/3/?vkbbnwzd-14650_htm,0,14,0%,151.07
https://www.popmars.com/page/12/?qnnxnnuv-210020_htm,0,14,0%,152.64
https://www.popmars.com/page/48/?pereqrrj-66411c_htm,0,14,0%,153.79
https://www.popmars.com/page/52/?hccolbdv-295220_htm,0,14,0%,168.86
https://www.popmars.com/page/26/?hccolbdv-181000_htm,0,14,0%,188.64
https://www.popmars.com/page/7/?vbtwcekg-202945bcdef_htm,0,14,0%,193.43
https://ins.popmars.com/system/buy.php,0,13,0%,17.31
https://www.popmars.com/pc软件/techsmith-snagit-2020破解版/,0,13,0%,28.54
https://www.popmars.com/tag/tutorial/,0,13,0%,33.92
https://www.popmars.com/tag/抖音解锁/,0,13,0%,46.08
https://www.popmars.com/page/20/?xtohzxkg-33130_htm,0,13,0%,50.31
https://www.popmars.com/ios应用/airpano-travel-book/,0,13,0%,56.77
https://www.popmars.com/page/23/?qnnxnnuv-177522cd_htm,0,13,0%,73.92
https://www.popmars.com/page/12/?xtohzxkg-6981c_htm,0,13,0%,111.46
https://www.popmars.com/page/38/?xtohzxkg-219031b_htm,0,13,0%,114.31
https://www.popmars.com/page/56/?xtohzxkg-81783cde_htm,0,13,0%,115.08
https://www.popmars.com/page/35/?zxwggzkn-13711f_htm,0,13,0%,116.38
https://www.popmars.com/page/29/?xtohzxkg-106270_htm,0,13,0%,118.15
https://www.popmars.com/page/29/?hccolbdv-49601g_htm,0,13,0%,123.62
https://www.popmars.com/page/17/?rlyqxssz-5300_htm,0,13,0%,124.92
https://www.popmars.com/page/39/?qnnxnnuv-45101a_htm,0,13,0%,132.15
https://www.popmars.com/page/36/?vkbbnwzd-193490_htm,0,13,0%,140
https://www.popmars.com/page/7/?pereqrrj-228080_htm,0,13,0%,140.69
https://www.popmars.com/page/49/?vbtwcekg-243734bcde_htm,0,13,0%,141.69
https://www.popmars.com/page/49/?rlyqxssz-44725cdefg_htm,0,13,0%,148.15
https://www.popmars.com/page/26/?hccolbdv-155725defgh_htm,0,13,0%,159.92
https://www.popmars.com/page/46/?xtohzxkg-33130_htm,0,13,0%,169.85
https://www.popmars.com/page/44/?vbtwcekg-134480_htm,0,13,0%,174.38
https://www.popmars.com/page/12/?hccolbdv-297291b_htm,0,13,0%,191.69
https://www.popmars.com/沉思/,0,12,0%,7.58
https://www.popmars.com/ios应用/procam-6/,0,12,0%,45
https://www.popmars.com/tag/ai写诗/,0,12,0%,46.5
https://www.popmars.com/page/5/?vkbbnwzd-173963ghi_htm,0,12,0%,55.75
https://www.popmars.com/安卓app/vpn-tap2free-免费的vpn服务v1-73-高级-国防部-最新/,0,12,0%,72.42
https://www.popmars.com/page/18/?zxwggzkn-54941f_htm,0,12,0%,73.42
https://www.popmars.com/page/14/?qnnxnnuv-135699efghijklm_htm,0,12,0%,85.08
https://www.popmars.com/page/31/?xtohzxkg-136800_htm,0,12,0%,91.42
https://www.popmars.com/page/39/?hccolbdv-209220_htm,0,12,0%,111.92
https://www.popmars.com/page/59/?zxwggzkn-87175efghi_htm,0,12,0%,131.08
https://www.popmars.com/page/34/?zxwggzkn-233032cd_htm,0,12,0%,157.42
https://www.popmars.com/page/32/?xtohzxkg-77412gh_htm,0,12,0%,164.75
https://www.popmars.com/page/9/?vkbbnwzd-47441c_htm,0,12,0%,177.17
https://www.popmars.com/ios应用/音乐世界cytus-ii/,0,11,0%,6.09
https://www.popmars.com/author/aa978c0d4da09d5a/page/47/,0,11,0%,44.09
https://www.popmars.com/ios应用/airpano-city-book/,0,11,0%,51.64
https://www.popmars.com/page/25/?vkbbnwzd-47441c_htm,0,11,0%,63.82
https://www.popmars.com/page/59/?hccolbdv-227050_htm,0,11,0%,69.09
https://www.popmars.com/page/27/?pereqrrj-66411c_htm,0,11,0%,84.82
https://www.popmars.com/page/11/?pereqrrj-142660_htm,0,11,0%,103.45
https://www.popmars.com/page/51/?swkmqlof-273795efghi_htm,0,11,0%,149.18
https://www.popmars.com/page/47/?vbtwcekg-221893abc_htm,0,11,0%,192.45
https://www.popmars.com/page/15/?pereqrrj-58131d_htm,0,11,0%,194
https://www.popmars.com/page/41/?vkbbnwzd-173247efghijk_htm,0,11,0%,194.18
https://www.popmars.com/安卓app/voloco-auto-voice-tune/,0,10,0%,20.5
https://www.popmars.com/tag/amongus/,0,10,0%,24.5
https://www.popmars.com/未分类/salmavseoyingxiaohtm/,0,10,0%,28.1
https://www.popmars.com/page/32/?swkmqlof-204341e_htm,0,10,0%,57.2
https://www.popmars.com/page/27/?qnnxnnuv-177906bcdefg_htm,0,10,0%,82.8
https://www.popmars.com/page/50/?vbtwcekg-49998efghijkl_htm,0,10,0%,110.4
https://www.popmars.com/page/30/?hccolbdv-209220_htm,0,10,0%,125.4
https://www.popmars.com/page/21/?vkbbnwzd-173247efghijk_htm,0,10,0%,127.8
https://www.popmars.com/page/34/?hccolbdv-980_htm,0,10,0%,147.7
https://www.popmars.com/page/50/?rlyqxssz-31458abcdefgh_htm,0,10,0%,155.6
https://www.popmars.com/page/30/?zxwggzkn-242783cde_htm,0,10,0%,194.9
https://www.popmars.com/page/46/?pereqrrj-166960_htm,0,10,0%,197.5
https://www.popmars.com/图文教程/,0,9,0%,17.22
https://www.popmars.com/author/aa978c0d4da09d5a/page/9/,0,9,0%,36.67
https://www.popmars.com/安卓app/cm浏览器广告拦截器快速下载器/,0,9,0%,56
https://www.popmars.com/page/39/?swkmqlof-229790_htm,0,9,0%,57
https://www.popmars.com/page/49/?rlyqxssz-126401c_htm,0,9,0%,106.67
https://www.popmars.com/page/48/?xtohzxkg-79071g_htm,0,9,0%,108
https://www.popmars.com/page/58/?pereqrrj-7130_htm,0,9,0%,154
https://www.popmars.com/page/58/?vbtwcekg-119310_htm,0,9,0%,167.89
https://www.popmars.com/page/59/?swkmqlof-146922gh_htm,0,9,0%,193.33
https://www.popmars.com/psd/briminghamhedanshuxi/,0,8,0%,9.25
https://www.popmars.com/ios应用/暮梅-mume/,0,8,0%,17.62
https://www.popmars.com/pc软件/,0,8,0%,22.75
https://www.popmars.com/page/31/?vbtwcekg-243734bcde_htm,0,8,0%,49.25
https://www.popmars.com/page/51/?vbtwcekg-202945bcdef_htm,0,8,0%,55.5
https://www.popmars.com/安卓app/usb音频播放器pro/,0,8,0%,67.62
https://www.popmars.com/page/40/?qnnxnnuv-18446bcdefg_htm,0,8,0%,85.5
https://www.popmars.com/page/41/?zxwggzkn-217195ghijk_htm,0,8,0%,108.62
https://www.popmars.com/page/29/?swkmqlof-142499abcdefghi_htm,0,8,0%,138.75
https://www.popmars.com/page/34/?hccolbdv-95805defgh_htm,0,8,0%,152.75
https://www.popmars.com/page/28/?qnnxnnuv-45101a_htm,0,8,0%,157.25
https://www.popmars.com/page/44/?rlyqxssz-281150_htm,0,8,0%,162.75
https://www.popmars.com/page/41/?xtohzxkg-27401d_htm,0,8,0%,180.62
https://www.popmars.com/page/55/,0,7,0%,11
https://www.popmars.com/page/27/?xtohzxkg-33130_htm,0,7,0%,60.86
https://www.popmars.com/page/36/?vbtwcekg-139741a_htm,0,7,0%,61
https://www.popmars.com/page/14/?qnnxnnuv-61664bcde_htm,0,7,0%,65.14
https://www.popmars.com/page/14/?qnnxnnuv-77890_htm,0,7,0%,91
https://www.popmars.com/page/14/?vxfkcfni-147844efgh_htm,0,7,0%,98.86
https://www.popmars.com/page/18/?xtohzxkg-217604cdef_htm,0,7,0%,116.29
https://www.popmars.com/page/4/?vkbbnwzd-9038bcdefghi_htm,0,7,0%,154.29
https://www.popmars.com/page/57/?vxfkcfni-100875fghij_htm,0,7,0%,161.57
https://www.popmars.com/page/4/?swkmqlof-156044abcd_htm,0,7,0%,167.71
https://www.popmars.com/page/50/?vkbbnwzd-221095abcde_htm,0,7,0%,195.71
https://www.popmars.com/page/4/?vxfkcfni-73156ghijkl_htm,0,7,0%,197.71
https://www.popmars.com/psd/thecraftbusinesspsdt/,0,6,0%,9.17
https://www.popmars.com/page/13/,0,6,0%,10.5
https://www.popmars.com/php源码/,0,6,0%,18.17
https://www.popmars.com/macapp/omnireader-pro-v3-2-6-mac版-全能电子书阅读器，便捷记笔记、标注、/,0,6,0%,32
https://www.popmars.com/安卓app/zombie-castaways/,0,6,0%,35
https://www.popmars.com/tags/?page=3,0,6,0%,39.5
https://www.popmars.com/author/aa978c0d4da09d5a/page/15/,0,6,0%,46.17
https://www.popmars.com/page/19/?vxfkcfni-88884fghi_htm,0,6,0%,71.5
https://www.popmars.com/page/21/?hccolbdv-295220_htm,0,6,0%,86.67
https://www.popmars.com/page/50/?vbtwcekg-158394fghi_htm,0,6,0%,86.67
https://www.popmars.com/page/33/?pereqrrj-224088efghijkl_htm,0,6,0%,88.83
https://www.popmars.com/page/34/?rlyqxssz-123355bcdef_htm,0,6,0%,95
https://www.popmars.com/page/40/?xtohzxkg-121930_htm,0,6,0%,120.5
https://www.popmars.com/page/40/?xtohzxkg-14520_htm,0,6,0%,121.83
https://www.popmars.com/page/36/?pereqrrj-52378efghijkl_htm,0,6,0%,125
https://www.popmars.com/page/31/?qnnxnnuv-251562de_htm,0,6,0%,141.33
https://www.popmars.com/page/11/?rlyqxssz-50582ab_htm,0,6,0%,168.67
https://www.popmars.com/pc软件/ansys-cma-chip-modeling-analysis-2019-r2-1破解版/,0,5,0%,8.6
https://www.popmars.com/page/6/,0,5,0%,9.4
https://www.popmars.com/page/19/?xtohzxkg-217604cdef_htm,0,5,0%,29.6
https://www.popmars.com/tag/高级服务/,0,5,0%,39.2
https://www.popmars.com/tag/图文教程/,0,5,0%,48.6
https://www.popmars.com/未分类/fuse-v7-0-1-angular-7和bootstrap-4-jquery-html-material-design-admin-template/,0,5,0%,55.8
https://www.popmars.com/page/30/?xtohzxkg-106270_htm,0,5,0%,58.6
https://www.popmars.com/page/34/?swkmqlof-236751e_htm,0,5,0%,65.6
https://www.popmars.com/未分类/piaf-vue-js-v3-0-0-vuejs-admin-template/,0,5,0%,70
https://www.popmars.com/page/23/?pereqrrj-5720_htm,0,5,0%,79.8
https://www.popmars.com/page/58/?vxfkcfni-69980_htm,0,5,0%,80
https://www.popmars.com/page/59/?qnnxnnuv-4270_htm,0,5,0%,83
https://www.popmars.com/page/14/?vxfkcfni-100875fghij_htm,0,5,0%,93.4
https://www.popmars.com/page/42/?swkmqlof-3350_htm,0,5,0%,98.8
https://www.popmars.com/page/49/?vkbbnwzd-21172ef_htm,0,5,0%,122.2
https://www.popmars.com/page/12/?swkmqlof-201540_htm,0,5,0%,126.2
https://www.popmars.com/page/11/?zxwggzkn-264986bcdefg_htm,0,5,0%,130
https://www.popmars.com/page/33/?swkmqlof-205955bcdef_htm,0,5,0%,137.4
https://www.popmars.com/page/59/?zxwggzkn-242783cde_htm,0,5,0%,150.2
https://www.popmars.com/page/17/?qnnxnnuv-47561d_htm,0,5,0%,160.6
https://www.popmars.com/page/47/?vxfkcfni-217692gh_htm,0,5,0%,169.4
https://www.popmars.com/page/48/?qnnxnnuv-135699efghijklm_htm,0,5,0%,187.4
https://www.popmars.com/page/32/?xtohzxkg-15560_htm,0,5,0%,195.4
https://www.popmars.com/page/11/?hccolbdv-103575defgh_htm,0,5,0%,198
https://www.popmars.com/ios应用/【正版终身授权】pdf-expert-mac苹果电脑版本-快速、轻巧/,0,4,0%,10.25
https://www.popmars.com/?rlyqxssz-198579defghijkl_htm,0,4,0%,15.75
https://www.popmars.com/安卓app/teatv-vya-ya-yar-shmodsht-shlatestsht/,0,4,0%,16.75
https://www.popmars.com/page/20/?vxfkcfni-217692gh_htm,0,4,0%,36.5
https://www.popmars.com/pc软件/人工智能ai抠图软件（ps插件）-topaz-mask-ai/,0,4,0%,37.25
https://www.popmars.com/安卓app/es文件浏览器文件管理器/,0,4,0%,38.25
https://www.popmars.com/tag/免费下载/,0,4,0%,44
https://www.popmars.com/ios应用/shu-文件中转-预览-解压/,0,4,0%,44.5
https://www.popmars.com/page/41/?rlyqxssz-50326defghi_htm,0,4,0%,45.5
https://www.popmars.com/ios应用/gudak-cam/,0,4,0%,52.25
https://www.popmars.com/ios应用/splitter-critters/,0,4,0%,54.25
https://www.popmars.com/page/5/?vxfkcfni-88884fghi_htm,0,4,0%,65.25
https://www.popmars.com/page/21/?vxfkcfni-217692gh_htm,0,4,0%,68.25
https://www.popmars.com/page/58/?zxwggzkn-268852de_htm,0,4,0%,73.75
https://www.popmars.com/page/25/?vbtwcekg-202945bcdef_htm,0,4,0%,81.5
https://www.popmars.com/page/38/?vbtwcekg-202945bcdef_htm,0,4,0%,83.5
https://www.popmars.com/page/42/?hccolbdv-274259ghijklmno_htm,0,4,0%,83.5
https://www.popmars.com/page/25/?swkmqlof-9592cd_htm,0,4,0%,95.5
https://www.popmars.com/page/37/?rlyqxssz-126401c_htm,0,4,0%,104.75
https://www.popmars.com/page/22/?qnnxnnuv-1250_htm,0,4,0%,106.25
https://www.popmars.com/page/18/?xtohzxkg-14520_htm,0,4,0%,116.5
https://www.popmars.com/page/12/?swkmqlof-147042ab_htm,0,4,0%,125.75
https://www.popmars.com/page/24/?zxwggzkn-182960_htm,0,4,0%,140.75
https://www.popmars.com/page/34/?qnnxnnuv-35580_htm,0,4,0%,143.5
https://www.popmars.com/page/16/?pereqrrj-153570_htm,0,4,0%,145
https://www.popmars.com/page/40/?rlyqxssz-69114defg_htm,0,4,0%,149
https://www.popmars.com/page/52/?vxfkcfni-280430_htm,0,4,0%,156.5
https://www.popmars.com/page/46/?qnnxnnuv-135699efghijklm_htm,0,4,0%,165.5
https://www.popmars.com/page/29/?qnnxnnuv-18446bcdefg_htm,0,4,0%,168.5
https://www.popmars.com/page/59/?pereqrrj-224088efghijkl_htm,0,4,0%,169
https://www.popmars.com/page/37/?zxwggzkn-283104defg_htm,0,4,0%,170.75
https://www.popmars.com/page/47/?vxfkcfni-62730_htm,0,4,0%,180.25
https://www.popmars.com/page/46/?pereqrrj-113230_htm,0,4,0%,184.25
https://www.popmars.com/page/5/?vkbbnwzd-256356cdefgh_htm,0,3,0%,5
https://www.popmars.com/pc软件/openrail-designer-connect-edition-2018-v10-06-00-38破解版/,0,3,0%,6
https://www.popmars.com/安卓app/ucmate-v22-2-adfree-最新/,0,3,0%,7.67
https://www.popmars.com/tag/psdmuban/,0,3,0%,16.33
https://www.popmars.com/tag/数据/,0,3,0%,18
https://www.popmars.com/page/18/?pereqrrj-240576abcdef_htm,0,3,0%,18.67
https://www.popmars.com/tag/nosidebar/,0,3,0%,19.33
https://www.popmars.com/tag/fullcover/,0,3,0%,22.33
https://www.popmars.com/未分类/starsvmultipurposemo/,0,3,0%,28.33
https://www.popmars.com/author/aa978c0d4da09d5a/page/13/,0,3,0%,30.67
https://www.popmars.com/?vxfkcfni-162721g.htm,0,3,0%,38.33
https://www.popmars.com/tag/pc软件破解软件免费软件/,0,3,0%,46
https://www.popmars.com/page/3/?vkbbnwzd-221095abcde_htm,0,3,0%,47
https://www.popmars.com/ios应用/f1-2016/,0,3,0%,47.67
https://www.popmars.com/page/13/?qnnxnnuv-56671g_htm,0,3,0%,50.67
https://www.popmars.com/page/51/?xtohzxkg-138630_htm,0,3,0%,57
https://www.popmars.com/page/14/?qnnxnnuv-243594bcde_htm,0,3,0%,60.33
https://www.popmars.com/page/27/?swkmqlof-52712cd_htm,0,3,0%,61.33
https://www.popmars.com/tag/minecraft-download-ios-free/,0,3,0%,69.33
https://www.popmars.com/page/25/?vbtwcekg-34180_htm,0,3,0%,70.67
https://www.popmars.com/page/52/?swkmqlof-9592cd_htm,0,3,0%,71.67
https://www.popmars.com/page/7/?xtohzxkg-138630_htm,0,3,0%,74.33
https://www.popmars.com/page/58/?rlyqxssz-123355bcdef_htm,0,3,0%,75.67
https://www.popmars.com/page/22/?xtohzxkg-33130_htm,0,3,0%,76
https://www.popmars.com/page/38/?vbtwcekg-49998efghijkl_htm,0,3,0%,77.67
https://www.popmars.com/page/47/?pereqrrj-37265efghi_htm,0,3,0%,82.33
https://www.popmars.com/page/12/?xtohzxkg-14520_htm,0,3,0%,83
https://www.popmars.com/page/22/?vbtwcekg-187843fgh_htm,0,3,0%,94.67
https://www.popmars.com/page/47/?rlyqxssz-199212gh_htm,0,3,0%,95
https://www.popmars.com/page/48/?vbtwcekg-278341a_htm,0,3,0%,100
https://www.popmars.com/page/18/?vbtwcekg-162775efghi_htm,0,3,0%,104.67
https://www.popmars.com/page/40/?pereqrrj-5720_htm,0,3,0%,107.33
https://www.popmars.com/page/24/?rlyqxssz-85950_htm,0,3,0%,107.67
https://www.popmars.com/page/37/?vkbbnwzd-162895fghij_htm,0,3,0%,111.67
https://www.popmars.com/page/16/?zxwggzkn-87175efghi_htm,0,3,0%,117.33
https://www.popmars.com/page/39/?hccolbdv-275988ghijklmn_htm,0,3,0%,127.33
https://www.popmars.com/page/50/?pereqrrj-224088efghijkl_htm,0,3,0%,128.67
https://www.popmars.com/page/18/?xtohzxkg-3830_htm,0,3,0%,135.67
https://www.popmars.com/page/37/?rlyqxssz-257158ghijklmn_htm,0,3,0%,138
https://www.popmars.com/page/13/?vbtwcekg-134480_htm,0,3,0%,139.33
https://www.popmars.com/page/57/?vkbbnwzd-9931f_htm,0,3,0%,147.33
https://www.popmars.com/page/59/?xtohzxkg-207970_htm,0,3,0%,150.33
https://www.popmars.com/page/20/?vbtwcekg-239681b_htm,0,3,0%,152
https://www.popmars.com/page/54/?rlyqxssz-189328ghijklmn_htm,0,3,0%,154.33
https://www.popmars.com/page/35/?hccolbdv-289870_htm,0,3,0%,157.33
https://www.popmars.com/page/8/?vkbbnwzd-221095abcde_htm,0,3,0%,160.67
https://www.popmars.com/page/58/?vxfkcfni-169907defghij_htm,0,3,0%,162.33
https://www.popmars.com/page/12/?rlyqxssz-100963cde_htm,0,3,0%,164
https://www.popmars.com/page/9/?qnnxnnuv-31490_htm,0,3,0%,168.67
https://www.popmars.com/page/8/?vbtwcekg-64660_htm,0,3,0%,172
https://www.popmars.com/page/13/?swkmqlof-204341e_htm,0,3,0%,174.33
https://www.popmars.com/page/59/?pereqrrj-153570_htm,0,3,0%,175
https://www.popmars.com/page/37/?hccolbdv-289870_htm,0,3,0%,179.33
https://www.popmars.com/page/47/?xtohzxkg-138630_htm,0,3,0%,191
https://www.popmars.com/page/49/?vkbbnwzd-47441c_htm,0,3,0%,192.33
https://www.popmars.com/page/48/?zxwggzkn-84080_htm,0,3,0%,192.67
https://www.popmars.com/page/59/?swkmqlof-295234cdef_htm,0,3,0%,196.33
https://www.popmars.com/page/43/?xtohzxkg-237982de_htm,0,3,0%,196.67
https://www.popmars.com/page/58/?hccolbdv-59570_htm,0,3,0%,198
https://www.popmars.com/page/2/?vkbbnwzd-47441c_htm,0,3,0%,199
https://www.popmars.com/pc软件/topaz-mask-ai-1-0-1破解版/,0,2,0%,1
https://www.popmars.com/page/40/?hccolbdv-80690_htm,0,2,0%,2.5
https://www.popmars.com/page/3/?vxfkcfni-174542ef_htm,0,2,0%,3
https://www.popmars.com/page/3/?xtohzxkg-17732bc_htm,0,2,0%,5
https://www.popmars.com/page/59/?vbtwcekg-221893abc_htm,0,2,0%,5.5
https://www.popmars.com/图文教程/关于使用脚本抢购口罩的教程/,0,2,0%,6
https://www.popmars.com/page/58/?rlyqxssz-39571a_htm,0,2,0%,7
https://www.popmars.com/page/34/?swkmqlof-35450_htm,0,2,0%,7.5
https://www.popmars.com/ios应用/analog-seoul-模拟首尔/,0,2,0%,8
https://www.popmars.com/page/34/?hccolbdv-198782de_htm,0,2,0%,8
https://www.popmars.com/page/30/?zxwggzkn-1174fghi_htm,0,2,0%,10
https://www.popmars.com/tag/破解应用安卓app，免费apk/page/2/?cao_type=1&order=modified,0,2,0%,10
https://www.popmars.com/ios应用/ankimobile-flashcards/,0,2,0%,11.5
https://www.popmars.com/php源码/larapass-v1-1-0-您的个人密码管理器-无效/,0,2,0%,11.5
https://www.popmars.com/page/22/?pereqrrj-5720_htm,0,2,0%,16
https://www.popmars.com/page/15/?pereqrrj-110800_htm,0,2,0%,17
https://www.popmars.com/?rlyqxssz-16032cd_htm,0,2,0%,17.5
https://www.popmars.com/tag/minecraft-ios/,0,2,0%,19.5
https://www.popmars.com/page/29/?xtohzxkg-33130_htm,0,2,0%,20.5
https://www.popmars.com/vip-prices/,0,2,0%,21
https://www.popmars.com/page/18/?vkbbnwzd-173963ghi_htm,0,2,0%,23
https://www.popmars.com/psd/__trashed-13/,0,2,0%,23.5
https://www.popmars.com/tag/口罩/,0,2,0%,24.5
https://www.popmars.com/page/20/?qnnxnnuv-18446bcdefg_htm,0,2,0%,25
https://www.popmars.com/page/18/?qnnxnnuv-298942ab_htm,0,2,0%,25.5
https://www.popmars.com/page/15/?qnnxnnuv-36652ab_htm,0,2,0%,26.5
https://www.popmars.com/page/40/?xtohzxkg-33130_htm,0,2,0%,27
https://www.popmars.com/page/11/?swkmqlof-253820_htm,0,2,0%,29
https://www.popmars.com/page/39/?xtohzxkg-30813ghi_htm,0,2,0%,29.5
https://www.popmars.com/未分类/geniusvhegaojihtmlde/,0,2,0%,31
https://www.popmars.com/安卓app/棒球男孩/,0,2,0%,32.5
https://www.popmars.com/page/10/?vbtwcekg-17630_htm,0,2,0%,32.5
https://www.popmars.com/page/24/?xtohzxkg-219031b_htm,0,2,0%,33.5
https://www.popmars.com/tag/被动收入/,0,2,0%,35
https://www.popmars.com/page/4/?vbtwcekg-36890_htm,0,2,0%,37.5
https://www.popmars.com/page/37/?hccolbdv-198782de_htm,0,2,0%,39.5
https://www.popmars.com/page/4/?vbtwcekg-89020_htm,0,2,0%,39.5
https://www.popmars.com/未分类/animals-vectors/,0,2,0%,42.5
https://www.popmars.com/page/16/?vkbbnwzd-191134ghij_htm,0,2,0%,42.5
https://www.popmars.com/page/35/?pereqrrj-288680_htm,0,2,0%,45
https://www.popmars.com/安卓app/walli-4k高清壁纸背景溢价/,0,2,0%,45.5
https://www.popmars.com/page/50/?vxfkcfni-198980_htm,0,2,0%,45.5
https://www.popmars.com/ios应用/badland-2/,0,2,0%,46.5
https://www.popmars.com/ios应用/mini-metro-迷你地铁/,0,2,0%,48
https://www.popmars.com/page/21/?xtohzxkg-180251b_htm,0,2,0%,48
https://www.popmars.com/page/24/?rlyqxssz-206811d_htm,0,2,0%,48.5
https://www.popmars.com/page/22/?qnnxnnuv-35580_htm,0,2,0%,49.5
https://www.popmars.com/page/2/?hccolbdv-248792fg_htm,0,2,0%,50
https://www.popmars.com/psd/wizymwinewinery-psd模板/,0,2,0%,50
https://www.popmars.com/page/19/?swkmqlof-215670_htm,0,2,0%,50.5
https://www.popmars.com/page/20/?vkbbnwzd-193490_htm,0,2,0%,51.5
https://www.popmars.com/page/26/?swkmqlof-215670_htm,0,2,0%,55
https://www.popmars.com/page/34/?vxfkcfni-145108fghijklm_htm,0,2,0%,55.5
https://www.popmars.com/page/24/?vbtwcekg-202945bcdef_htm,0,2,0%,56
https://www.popmars.com/page/33/?vxfkcfni-100875fghij_htm,0,2,0%,57
https://www.popmars.com/page/14/?zxwggzkn-125231b_htm,0,2,0%,61
https://www.popmars.com/author/aa978c0d4da09d5a/page/3/,0,2,0%,62
https://www.popmars.com/page/21/?xtohzxkg-33130_htm,0,2,0%,62
https://www.popmars.com/page/49/?vbtwcekg-268049fghijklmn_htm,0,2,0%,62
https://www.popmars.com/未分类/various-nature-polygons/,0,2,0%,62.5
https://www.popmars.com/page/27/?pereqrrj-166960_htm,0,2,0%,62.5
https://www.popmars.com/ios应用/habitica-让生活变成游戏创新的习惯培养软件-时间管理/,0,2,0%,63
https://www.popmars.com/pc软件/adobe-premiere-pro-2020破解版/,0,2,0%,63.5
https://www.popmars.com/page/41/?zxwggzkn-264986bcdefg_htm,0,2,0%,64
https://www.popmars.com/page/25/?vbtwcekg-119556defghi_htm,0,2,0%,64.5
https://www.popmars.com/page/25/?xtohzxkg-227067bcdefgh_htm,0,2,0%,64.5
https://www.popmars.com/page/49/?zxwggzkn-125231b_htm,0,2,0%,65
https://www.popmars.com/tag/zhongwenamongus/,0,2,0%,66
https://www.popmars.com/macapp/fonelab-android-data-recovery-v5-0-36-mac版-高效恢复丢失的android数据/,0,2,0%,67.5
https://www.popmars.com/page/21/?zxwggzkn-13711f_htm,0,2,0%,67.5
https://www.popmars.com/page/39/?xtohzxkg-190130_htm,0,2,0%,69
https://www.popmars.com/page/59/?vxfkcfni-6230_htm,0,2,0%,74
https://www.popmars.com/page/21/?zxwggzkn-12855defgh_htm,0,2,0%,74.5
https://www.popmars.com/page/27/?vxfkcfni-43926bcdefg_htm,0,2,0%,74.5
https://www.popmars.com/page/36/?vbtwcekg-7851e_htm,0,2,0%,75
https://www.popmars.com/page/59/?hccolbdv-49601g_htm,0,2,0%,75.5
https://www.popmars.com/page/34/?rlyqxssz-281150_htm,0,2,0%,77
https://www.popmars.com/page/35/?pereqrrj-188722cd_htm,0,2,0%,77.5
https://www.popmars.com/page/59/?swkmqlof-243031f_htm,0,2,0%,78
https://www.popmars.com/ios应用/王权-reigns/,0,2,0%,79.5
https://www.popmars.com/page/10/?qnnxnnuv-135699efghijklm_htm,0,2,0%,80.5
https://www.popmars.com/macapp/chm-reader-chm-converter-v2-8-3-mac版-强大的chm文件阅读与转换工具/,0,2,0%,82
https://www.popmars.com/macapp/keep-it-v2-6-4-mac版-专业高效的文档管理与个人知识库工具/,0,2,0%,84
https://www.popmars.com/page/26/?rlyqxssz-11570_htm,0,2,0%,84
https://www.popmars.com/page/20/?swkmqlof-286502gh_htm,0,2,0%,88
https://www.popmars.com/page/21/?rlyqxssz-126401c_htm,0,2,0%,88.5
https://www.popmars.com/page/22/?pereqrrj-238953bcd_htm,0,2,0%,90.5
https://www.popmars.com/page/59/?rlyqxssz-84487efghijk_htm,0,2,0%,92
https://www.popmars.com/page/11/?xtohzxkg-60331f_htm,0,2,0%,92.5
https://www.popmars.com/page/27/?pereqrrj-5670_htm,0,2,0%,93.5
https://www.popmars.com/page/45/?hccolbdv-297291b_htm,0,2,0%,93.5
https://www.popmars.com/page/51/?xtohzxkg-172530_htm,0,2,0%,95.5
https://www.popmars.com/page/52/?xtohzxkg-79071g_htm,0,2,0%,96
https://www.popmars.com/page/5/?pereqrrj-1270_htm,0,2,0%,96.5
https://www.popmars.com/page/36/?vkbbnwzd-212144cdef_htm,0,2,0%,98
https://www.popmars.com/page/33/?vxfkcfni-34423efg_htm,0,2,0%,99
https://www.popmars.com/page/27/?zxwggzkn-264986bcdefg_htm,0,2,0%,99.5
https://www.popmars.com/page/22/?pereqrrj-264490_htm,0,2,0%,100.5
https://www.popmars.com/page/37/?pereqrrj-110800_htm,0,2,0%,103
https://www.popmars.com/page/15/?swkmqlof-205955bcdef_htm,0,2,0%,104
https://www.popmars.com/page/40/?vkbbnwzd-14650_htm,0,2,0%,104
https://www.popmars.com/page/57/?rlyqxssz-211503fgh_htm,0,2,0%,104
https://www.popmars.com/page/13/?rlyqxssz-80643def_htm,0,2,0%,107
https://www.popmars.com/page/59/?pereqrrj-61024fghi_htm,0,2,0%,108.5
https://www.popmars.com/page/49/?vbtwcekg-202945bcdef_htm,0,2,0%,110
https://www.popmars.com/page/30/?qnnxnnuv-117444fghi_htm,0,2,0%,119.5
https://www.popmars.com/page/44/?rlyqxssz-199212gh_htm,0,2,0%,121.5
https://www.popmars.com/page/52/?vxfkcfni-217692gh_htm,0,2,0%,123
https://www.popmars.com/page/14/?hccolbdv-9110_htm,0,2,0%,123.5
https://www.popmars.com/page/41/?swkmqlof-183772bc_htm,0,2,0%,124
https://www.popmars.com/page/19/?pereqrrj-7130_htm,0,2,0%,127
https://www.popmars.com/page/56/?vxfkcfni-149531e_htm,0,2,0%,131
https://www.popmars.com/page/45/?vxfkcfni-217692gh_htm,0,2,0%,133.5
https://www.popmars.com/page/28/?qnnxnnuv-97010_htm,0,2,0%,134
https://www.popmars.com/page/50/?vkbbnwzd-47441c_htm,0,2,0%,134.5
https://www.popmars.com/page/34/?vxfkcfni-263830_htm,0,2,0%,135.5
https://www.popmars.com/page/30/?xtohzxkg-77515efghi_htm,0,2,0%,139
https://www.popmars.com/page/29/?zxwggzkn-131674efgh_htm,0,2,0%,139.5
https://www.popmars.com/page/4/?hccolbdv-84790_htm,0,2,0%,142.5
https://www.popmars.com/page/29/?vxfkcfni-263830_htm,0,2,0%,145
https://www.popmars.com/page/26/?rlyqxssz-157135ghijk_htm,0,2,0%,151.5
https://www.popmars.com/page/4/?zxwggzkn-21340_htm,0,2,0%,152.5
https://www.popmars.com/page/10/?vxfkcfni-182440_htm,0,2,0%,153
https://www.popmars.com/page/49/?rlyqxssz-282930_htm,0,2,0%,153
https://www.popmars.com/page/58/?vxfkcfni-6230_htm,0,2,0%,153
https://www.popmars.com/page/58/?xtohzxkg-27401d_htm,0,2,0%,153.5
https://www.popmars.com/page/59/?xtohzxkg-83874abcd_htm,0,2,0%,157.5
https://www.popmars.com/page/30/?rlyqxssz-155777ghijklm_htm,0,2,0%,158.5
https://www.popmars.com/page/47/?rlyqxssz-216034abcd_htm,0,2,0%,159.5
https://www.popmars.com/page/37/?hccolbdv-188970_htm,0,2,0%,160.5
https://www.popmars.com/page/47/?vxfkcfni-43926bcdefg_htm,0,2,0%,161.5
https://www.popmars.com/page/38/?qnnxnnuv-210020_htm,0,2,0%,167
https://www.popmars.com/page/57/?pereqrrj-98262de_htm,0,2,0%,169
https://www.popmars.com/page/31/?xtohzxkg-6981c_htm,0,2,0%,174.5
https://www.popmars.com/page/25/?rlyqxssz-149630_htm,0,2,0%,192.5
https://www.popmars.com/page/5/?qnnxnnuv-268310_htm,0,2,0%,192.5
https://www.popmars.com/page/56/?rlyqxssz-199212gh_htm,0,2,0%,193
https://www.popmars.com/page/28/?hccolbdv-144621b_htm,0,2,0%,198
https://www.popmars.com/page/13/?vxfkcfni-208711g_htm,0,1,0%,1
https://www.popmars.com/page/14/?vxfkcfni-96140_htm,0,1,0%,1
https://www.popmars.com/page/12/?zxwggzkn-103600_htm,0,1,0%,2
https://www.popmars.com/page/14/?vbtwcekg-49998efghijkl_htm,0,1,0%,2
https://www.popmars.com/page/33/?vkbbnwzd-9931f_htm,0,1,0%,2
https://www.popmars.com/page/6/?pereqrrj-5720_htm,0,1,0%,2
https://www.popmars.com/pc软件/nanocad-pro-11-0破解版/,0,1,0%,2
https://www.popmars.com/未分类/bobby-创意服务html登陆页面/,0,1,0%,3
https://www.popmars.com/ios应用/手机上的p图神器-snapseed-教程/,0,1,0%,3
https://www.popmars.com/ios应用/calendars-5-by-readdle/,0,1,0%,3
https://www.popmars.com/page/13/?pereqrrj-131020_htm,0,1,0%,3
https://www.popmars.com/page/14/?vxfkcfni-145108fghijklm_htm,0,1,0%,3
https://www.popmars.com/page/34/?hccolbdv-103575defgh_htm,0,1,0%,3
https://www.popmars.com/page/35/?swkmqlof-181575cdefg_htm,0,1,0%,3
https://www.popmars.com/pc软件/moviemator-video-editor-pro-2-9-2破解版/,0,1,0%,3
https://www.popmars.com/未分类/oneui-v4-2-0-bootstrap-4管理仪表板模板和laravel入门套件/,0,1,0%,4
https://www.popmars.com/page/15/?qnnxnnuv-255785fghij_htm,0,1,0%,4
https://www.popmars.com/page/48/?pereqrrj-245554bcde_htm,0,1,0%,4
https://www.popmars.com/page/58/?vkbbnwzd-173963ghi_htm,0,1,0%,4
https://www.popmars.com/未分类/socialv2-08211；vue-js，html社交网络和社区管理模板/,0,1,0%,5
https://www.popmars.com/page/12/?qnnxnnuv-61664bcde_htm,0,1,0%,5
https://www.popmars.com/page/20/?xtohzxkg-77412gh_htm,0,1,0%,5
https://www.popmars.com/page/21/?hccolbdv-99696cdefgh_htm,0,1,0%,5
https://www.popmars.com/page/40/?vxfkcfni-73156ghijkl_htm,0,1,0%,5
https://www.popmars.com/page/5/?hccolbdv-20820_htm,0,1,0%,5
https://www.popmars.com/page/9/?rlyqxssz-295063ghi_htm,0,1,0%,5
https://www.popmars.com/page/14/?zxwggzkn-91890_htm,0,1,0%,6
https://www.popmars.com/page/16/?vbtwcekg-99640_htm,0,1,0%,6
https://www.popmars.com/page/17/?qnnxnnuv-251562de_htm,0,1,0%,6
https://www.popmars.com/page/17/?xtohzxkg-6981c_htm,0,1,0%,6
https://www.popmars.com/page/2/?vxfkcfni-174542ef_htm,0,1,0%,6
https://www.popmars.com/page/41/?qnnxnnuv-18446bcdefg_htm,0,1,0%,6
https://www.popmars.com/page/5/?vbtwcekg-202945bcdef_htm,0,1,0%,6
https://www.popmars.com/未分类/gilbard-v1-1-1-游戏bootstrap-4模板/,0,1,0%,7
https://www.popmars.com/ios应用/touchretouch-touchretouch-for-ipad/,0,1,0%,7
https://www.popmars.com/page/17/?pereqrrj-141250_htm,0,1,0%,7
https://www.popmars.com/page/22/?swkmqlof-101152cd_htm,0,1,0%,7
https://www.popmars.com/page/29/?swkmqlof-146922gh_htm,0,1,0%,7
https://www.popmars.com/page/39/?rlyqxssz-281150_htm,0,1,0%,7
https://www.popmars.com/page/39/?xtohzxkg-172530_htm,0,1,0%,7
https://www.popmars.com/php源码/sitespy-v5-0-1-最完整的访客分析和seo工具-3/,0,1,0%,7
https://www.popmars.com/安卓app/粉彩键盘主题/,0,1,0%,8
https://www.popmars.com/未分类/lawe-v1-0-律师和律师html模板/,0,1,0%,8
https://www.popmars.com/page/11/?pereqrrj-290530_htm,0,1,0%,8
https://www.popmars.com/page/24/?vkbbnwzd-173963ghi_htm,0,1,0%,8
https://www.popmars.com/page/33/?hccolbdv-12360_htm,0,1,0%,8
https://www.popmars.com/page/39/?rlyqxssz-199212gh_htm,0,1,0%,8
https://www.popmars.com/page/57/?xtohzxkg-33130_htm,0,1,0%,8
https://www.popmars.com/tag/strategyquant-x免费下载/,0,1,0%,8
https://www.popmars.com/ios应用/雨时/,0,1,0%,9
https://www.popmars.com/macapp/visumind-v3-2-1-mac版-强大的思维导图工具，助力高效创意与团/,0,1,0%,9
https://www.popmars.com/page/13/?hccolbdv-251871e_htm,0,1,0%,9
https://www.popmars.com/page/22/?vbtwcekg-120032de_htm,0,1,0%,9
https://www.popmars.com/page/28/?hccolbdv-99696cdefgh_htm,0,1,0%,9
https://www.popmars.com/page/35/?swkmqlof-100197ghijklm_htm,0,1,0%,9
https://www.popmars.com/page/36/?pereqrrj-117196cdefgh_htm,0,1,0%,9
https://www.popmars.com/page/37/?swkmqlof-72319cdefghijk_htm,0,1,0%,9
https://www.popmars.com/page/38/?hccolbdv-150403bcd_htm,0,1,0%,9
https://www.popmars.com/page/44/?vkbbnwzd-173963ghi_htm,0,1,0%,9
https://www.popmars.com/page/50/?hccolbdv-144621b_htm,0,1,0%,9
https://www.popmars.com/page/9/?pereqrrj-110800_htm,0,1,0%,9
https://www.popmars.com/未分类/embryo-angular-7材料设计电子商务模板-react-js/,0,1,0%,10
https://www.popmars.com/未分类/kingster-v1-0-教育html模板/,0,1,0%,10
https://www.popmars.com/未分类/recoba-vcard-html5模板/,0,1,0%,10
https://www.popmars.com/page/17/?zxwggzkn-263136ghijkl_htm,0,1,0%,10
https://www.popmars.com/page/28/?rlyqxssz-134666abcdef_htm,0,1,0%,10
https://www.popmars.com/page/58/?swkmqlof-273931a_htm,0,1,0%,10
https://www.popmars.com/page/8/?swkmqlof-7968cdefghij_htm,0,1,0%,10
https://www.popmars.com/php源码/喜欢wowonder社交php脚本v1-3的约会/,0,1,0%,10
https://www.popmars.com/php源码/mtdb-v3-0-6-终极影视数据库-2/,0,1,0%,10
https://www.popmars.com/page/21/?rlyqxssz-272360_htm,0,1,0%,11
https://www.popmars.com/page/38/?pereqrrj-238953bcd_htm,0,1,0%,11
https://www.popmars.com/page/39/?pereqrrj-5720_htm,0,1,0%,11
https://www.popmars.com/page/59/?pereqrrj-264490_htm,0,1,0%,11
https://www.popmars.com/page/15/?qnnxnnuv-45101a_htm,0,1,0%,12
https://www.popmars.com/page/16/?swkmqlof-111058defghijk_htm,0,1,0%,12
https://www.popmars.com/page/22/?qnnxnnuv-44375cdefg_htm,0,1,0%,12
https://www.popmars.com/page/14/?xtohzxkg-70202gh_htm,0,1,0%,13
https://www.popmars.com/page/15/?vbtwcekg-278341a_htm,0,1,0%,13
https://www.popmars.com/page/33/?swkmqlof-156044abcd_htm,0,1,0%,13
https://www.popmars.com/page/9/?qnnxnnuv-36652ab_htm,0,1,0%,13
https://www.popmars.com/page/14/?xtohzxkg-150474cdef_htm,0,1,0%,14
https://www.popmars.com/page/27/?zxwggzkn-83060_htm,0,1,0%,14
https://www.popmars.com/page/30/?vkbbnwzd-173963ghi_htm,0,1,0%,14
https://www.popmars.com/page/34/?pereqrrj-206294efgh_htm,0,1,0%,14
https://www.popmars.com/page/46/?swkmqlof-181575cdefg_htm,0,1,0%,14
https://www.popmars.com/page/6/?rlyqxssz-199212gh_htm,0,1,0%,14
https://www.popmars.com/未分类/midone-v1-0-48211；html038；laravel管理仪表板模板/,0,1,0%,15
https://www.popmars.com/page/33/?vkbbnwzd-47441c_htm,0,1,0%,15
https://www.popmars.com/?vxfkcfni-280430_htm,0,1,0%,16
https://www.popmars.com/page/26/?vxfkcfni-217692gh_htm,0,1,0%,16
https://www.popmars.com/page/4/?qnnxnnuv-243798cdefghij_htm,0,1,0%,16
https://www.popmars.com/page/18/?pereqrrj-142660_htm,0,1,0%,17
https://www.popmars.com/page/32/?qnnxnnuv-135699efghijklm_htm,0,1,0%,17
https://www.popmars.com/page/37/?vbtwcekg-232300_htm,0,1,0%,17
https://www.popmars.com/page/6/?vbtwcekg-202945bcdef_htm,0,1,0%,17
https://www.popmars.com/tag/strategyquant-x下载/,0,1,0%,17
https://www.popmars.com/page/53/?pereqrrj-141250_htm,0,1,0%,18
https://www.popmars.com/page/58/?vxfkcfni-219906bcdefg_htm,0,1,0%,18
https://www.popmars.com/未分类/kons-建筑和建筑模板/,0,1,0%,19
https://www.popmars.com/page/14/?hccolbdv-209220_htm,0,1,0%,19
https://www.popmars.com/page/18/?hccolbdv-3660_htm,0,1,0%,19
https://www.popmars.com/page/36/?hccolbdv-209220_htm,0,1,0%,19
https://www.popmars.com/page/41/?xtohzxkg-81783cde_htm,0,1,0%,19
https://www.popmars.com/page/6/?xtohzxkg-219031b_htm,0,1,0%,19
https://www.popmars.com/pc软件/agisoft-metashape-pro-1-6-0破解版/,0,1,0%,19
https://www.popmars.com/page/14/?swkmqlof-204341e_htm,0,1,0%,20
https://www.popmars.com/page/17/?swkmqlof-289920_htm,0,1,0%,20
https://www.popmars.com/page/36/?qnnxnnuv-36652ab_htm,0,1,0%,20
https://www.popmars.com/page/40/?xtohzxkg-150474cdef_htm,0,1,0%,20
https://www.popmars.com/page/59/?pereqrrj-70260_htm,0,1,0%,20
https://www.popmars.com/pc软件/siemens-star-ccm2019-3破解版/,0,1,0%,20
https://www.popmars.com/page/35/?vkbbnwzd-9931f_htm,0,1,0%,21
https://www.popmars.com/page/39/?zxwggzkn-12855defgh_htm,0,1,0%,21
https://www.popmars.com/page/19/?pereqrrj-192579cdefghijk_htm,0,1,0%,22
https://www.popmars.com/page/40/?hccolbdv-143721e_htm,0,1,0%,22
https://www.popmars.com/page/16/?qnnxnnuv-177906bcdefg_htm,0,1,0%,23
https://www.popmars.com/page/18/?qnnxnnuv-135699efghijklm_htm,0,1,0%,23
https://www.popmars.com/page/23/?xtohzxkg-81783cde_htm,0,1,0%,23
https://www.popmars.com/page/25/?pereqrrj-52632gh_htm,0,1,0%,23
https://www.popmars.com/page/59/?zxwggzkn-35314ghij_htm,0,1,0%,23
https://www.popmars.com/未分类/landrick-v2-5-1和软件登录页模板/,0,1,0%,24
https://www.popmars.com/page/58/?vkbbnwzd-37000_htm,0,1,0%,24
https://www.popmars.com/page/37/?vbtwcekg-278341a_htm,0,1,0%,25
https://www.popmars.com/page/29/?xtohzxkg-27401d_htm,0,1,0%,26
https://www.popmars.com/page/37/?zxwggzkn-83060_htm,0,1,0%,26
https://www.popmars.com/page/58/?zxwggzkn-204364ghij_htm,0,1,0%,26
https://www.popmars.com/page/59/?qnnxnnuv-160392bc_htm,0,1,0%,26
https://www.popmars.com/tag/polygon/,0,1,0%,26
https://www.popmars.com/page/38/?hccolbdv-144621b_htm,0,1,0%,27
https://www.popmars.com/author/aa978c0d4da09d5a/page/46/,0,1,0%,28
https://www.popmars.com/page/12/?vxfkcfni-100875fghij_htm,0,1,0%,28
https://www.popmars.com/page/15/?swkmqlof-172053abc_htm,0,1,0%,28
https://www.popmars.com/page/20/?pereqrrj-209120_htm,0,1,0%,28
https://www.popmars.com/page/23/?hccolbdv-80690_htm,0,1,0%,28
https://www.popmars.com/page/38/?pereqrrj-245554bcde_htm,0,1,0%,28
https://www.popmars.com/page/55/?xtohzxkg-244240_htm,0,1,0%,28
https://www.popmars.com/ios应用/60-seconds-atomic-adventure-60秒/,0,1,0%,29
https://www.popmars.com/page/23/?vbtwcekg-17630_htm,0,1,0%,29
https://www.popmars.com/page/27/?vbtwcekg-14670_htm,0,1,0%,31
https://www.popmars.com/page/11/?vxfkcfni-221880_htm,0,1,0%,32
https://www.popmars.com/page/26/?swkmqlof-172053abc_htm,0,1,0%,32
https://www.popmars.com/page/35/?pereqrrj-5720_htm,0,1,0%,32
https://www.popmars.com/author/aa978c0d4da09d5a/page/16/,0,1,0%,34
https://www.popmars.com/tag/php源码/page/5/,0,1,0%,34
https://www.popmars.com/page/15/?vkbbnwzd-191134ghij_htm,0,1,0%,35
https://www.popmars.com/page/15/?vxfkcfni-81350_htm,0,1,0%,35
https://www.popmars.com/page/16/?hccolbdv-184398efghijkl_htm,0,1,0%,35
https://www.popmars.com/page/21/?pereqrrj-240576abcdef_htm,0,1,0%,35
https://www.popmars.com/page/22/?rlyqxssz-134666abcdef_htm,0,1,0%,35
https://www.popmars.com/page/16/?rlyqxssz-134666abcdef_htm,0,1,0%,36
https://www.popmars.com/page/18/?vbtwcekg-103295defgh_htm,0,1,0%,37
https://www.popmars.com/page/44/?rlyqxssz-159351d_htm,0,1,0%,37
https://www.popmars.com/未分类/freelancer-v1-2-creative-business-portfolio-personal-page-html5-template/,0,1,0%,38
https://www.popmars.com/page/38/?qnnxnnuv-18446bcdefg_htm,0,1,0%,39
https://www.popmars.com/page/14/?vkbbnwzd-10592bc_htm,0,1,0%,40
https://www.popmars.com/page/17/?vbtwcekg-173450_htm,0,1,0%,40
https://www.popmars.com/macapp/4easysoft-iphone-transfer-v1-0-16-mac版-高效传输和管理iphone-ipad-ipod数据/,0,1,0%,41
https://www.popmars.com/page/18/?zxwggzkn-68401e_htm,0,1,0%,41
https://www.popmars.com/page/20/?zxwggzkn-242783cde_htm,0,1,0%,41
https://www.popmars.com/page/24/?vxfkcfni-193629cdefghijk_htm,0,1,0%,41
https://www.popmars.com/page/18/?rlyqxssz-68885fghij_htm,0,1,0%,42
https://www.popmars.com/page/16/?vbtwcekg-202945bcdef_htm,0,1,0%,43
https://www.popmars.com/page/18/?swkmqlof-178392ef_htm,0,1,0%,43
https://www.popmars.com/page/23/?hccolbdv-20820_htm,0,1,0%,43
https://www.popmars.com/page/42/?qnnxnnuv-1250_htm,0,1,0%,43
https://www.popmars.com/ios应用/hipstamatic-相机/,0,1,0%,44
https://www.popmars.com/page/21/?pereqrrj-7130_htm,0,1,0%,45
https://www.popmars.com/page/40/?vbtwcekg-120032de_htm,0,1,0%,45
https://www.popmars.com/page/40/?zxwggzkn-242783cde_htm,0,1,0%,45
https://www.popmars.com/page/42/?vxfkcfni-149531e_htm,0,1,0%,45
https://www.popmars.com/page/59/?vkbbnwzd-222350_htm,0,1,0%,45
https://www.popmars.com/page/11/?vbtwcekg-36890_htm,0,1,0%,46
https://www.popmars.com/page/46/?pereqrrj-167320_htm,0,1,0%,46
https://www.popmars.com/page/59/?vbtwcekg-202945bcdef_htm,0,1,0%,46
https://www.popmars.com/page/22/?zxwggzkn-12855defgh_htm,0,1,0%,47
https://www.popmars.com/page/35/?rlyqxssz-257158ghijklmn_htm,0,1,0%,47
https://www.popmars.com/未分类/revus-v1-0-汽车经销商html模板/,0,1,0%,48
https://www.popmars.com/author/aa978c0d4da09d5a/page/48/,0,1,0%,48
https://www.popmars.com/page/12/?hccolbdv-117190_htm,0,1,0%,48
https://www.popmars.com/page/18/?pereqrrj-110800_htm,0,1,0%,48
https://www.popmars.com/page/41/?zxwggzkn-12855defgh_htm,0,1,0%,48
https://www.popmars.com/tag/人的使命/,0,1,0%,48
https://www.popmars.com/page/18/?vbtwcekg-173450_htm,0,1,0%,49
https://www.popmars.com/page/35/?xtohzxkg-272733ghi_htm,0,1,0%,50
https://www.popmars.com/page/58/?vkbbnwzd-41060_htm,0,1,0%,50
https://www.popmars.com/page/25/?vkbbnwzd-134696cdefgh_htm,0,1,0%,51
https://www.popmars.com/page/35/?rlyqxssz-126401c_htm,0,1,0%,51
https://www.popmars.com/page/38/?vkbbnwzd-9038bcdefghi_htm,0,1,0%,51
https://www.popmars.com/未分类/材料v1-5-0-使用angularjs设计管理员/,0,1,0%,52
https://www.popmars.com/page/39/?swkmqlof-221700_htm,0,1,0%,52
https://www.popmars.com/page/58/?zxwggzkn-148021g_htm,0,1,0%,52
https://www.popmars.com/page/28/?zxwggzkn-134507cdefghi_htm,0,1,0%,53
https://www.popmars.com/page/58/?rlyqxssz-86792gh_htm,0,1,0%,53
https://www.popmars.com/tag/html模板/page/5/?order=hot,0,1,0%,53
https://www.popmars.com/page/13/?vxfkcfni-217692gh_htm,0,1,0%,54
https://www.popmars.com/page/48/?vxfkcfni-154671g_htm,0,1,0%,54
https://www.popmars.com/page/18/?vkbbnwzd-166969fghijklmn_htm,0,1,0%,55
https://www.popmars.com/page/20/?pereqrrj-192579cdefghijk_htm,0,1,0%,55
https://www.popmars.com/page/23/?vbtwcekg-49998efghijkl_htm,0,1,0%,55
https://www.popmars.com/page/31/?hccolbdv-155499bcdefghij_htm,0,1,0%,55
https://www.popmars.com/page/58/?rlyqxssz-153385bcdef_htm,0,1,0%,55
https://www.popmars.com/page/59/?rlyqxssz-121760_htm,0,1,0%,55
https://www.popmars.com/page/32/?hccolbdv-117190_htm,0,1,0%,56
https://www.popmars.com/page/39/?zxwggzkn-95844abcd_htm,0,1,0%,56
https://www.popmars.com/ios应用/dont-starve-shipwrecked/,0,1,0%,57
https://www.popmars.com/page/10/?pereqrrj-110800_htm,0,1,0%,57
https://www.popmars.com/page/36/?vxfkcfni-81350_htm,0,1,0%,57
https://www.popmars.com/tags/?page=2&orderby=name,0,1,0%,57
https://www.popmars.com/page/17/?pereqrrj-5720_htm,0,1,0%,58
https://www.popmars.com/page/17/?rlyqxssz-17890_htm,0,1,0%,58
https://www.popmars.com/page/21/?rlyqxssz-243038fghijklm_htm,0,1,0%,58
https://www.popmars.com/page/38/?xtohzxkg-182144efgh_htm,0,1,0%,58
https://www.popmars.com/page/40/?pereqrrj-110800_htm,0,1,0%,58
https://www.popmars.com/page/17/?vkbbnwzd-166984ghij_htm,0,1,0%,59
https://www.popmars.com/page/29/?hccolbdv-1300_htm,0,1,0%,59
https://www.popmars.com/page/32/?qnnxnnuv-36652ab_htm,0,1,0%,59
https://www.popmars.com/page/51/?xtohzxkg-81783cde_htm,0,1,0%,59
https://www.popmars.com/page/56/?hccolbdv-290841f_htm,0,1,0%,59
https://www.popmars.com/page/13/?qnnxnnuv-72981g_htm,0,1,0%,60
https://www.popmars.com/page/14/?zxwggzkn-15984defg_htm,0,1,0%,60
https://www.popmars.com/page/17/?hccolbdv-289870_htm,0,1,0%,60
https://www.popmars.com/page/58/?pereqrrj-282403cde_htm,0,1,0%,60
https://www.popmars.com/page/22/?vxfkcfni-69322bc_htm,0,1,0%,61
https://www.popmars.com/page/22/?zxwggzkn-233032cd_htm,0,1,0%,61
https://www.popmars.com/page/36/?vbtwcekg-103295defgh_htm,0,1,0%,61
https://www.popmars.com/page/59/?xtohzxkg-41231b_htm,0,1,0%,63
https://www.popmars.com/page/6/?pereqrrj-194530_htm,0,1,0%,63
https://www.popmars.com/page/16/?xtohzxkg-83880_htm,0,1,0%,64
https://www.popmars.com/page/17/?swkmqlof-172053abc_htm,0,1,0%,64
https://www.popmars.com/page/59/?swkmqlof-4778efghijkl_htm,0,1,0%,64
https://www.popmars.com/page/26/?pereqrrj-110800_htm,0,1,0%,65
https://www.popmars.com/page/37/?vbtwcekg-120032de_htm,0,1,0%,65
https://www.popmars.com/page/50/?vkbbnwzd-52696abcdef_htm,0,1,0%,65
https://www.popmars.com/page/18/?zxwggzkn-242783cde_htm,0,1,0%,66
https://www.popmars.com/page/27/?vxfkcfni-208711g_htm,0,1,0%,66
https://www.popmars.com/page/29/?qnnxnnuv-72981g_htm,0,1,0%,66
https://www.popmars.com/page/50/?vbtwcekg-82391b_htm,0,1,0%,66
https://www.popmars.com/author/aa978c0d4da09d5a/page/8/,0,1,0%,67
https://www.popmars.com/page/19/?vbtwcekg-116040_htm,0,1,0%,67
https://www.popmars.com/page/59/?swkmqlof-92050_htm,0,1,0%,67
https://www.popmars.com/page/18/?rlyqxssz-175530_htm,0,1,0%,68
https://www.popmars.com/page/24/?vkbbnwzd-38841f_htm,0,1,0%,68
https://www.popmars.com/安卓app/iptv播放列表加载器插件/,0,1,0%,69
https://www.popmars.com/page/12/?swkmqlof-273931a_htm,0,1,0%,69
https://www.popmars.com/page/31/?swkmqlof-26527efghijk_htm,0,1,0%,69
https://www.popmars.com/page/58/?hccolbdv-184398efghijkl_htm,0,1,0%,69
https://www.popmars.com/page/18/?swkmqlof-188775ghijk_htm,0,1,0%,71
https://www.popmars.com/page/18/?zxwggzkn-28220_htm,0,1,0%,71
https://www.popmars.com/page/2/?vkbbnwzd-218144defg_htm,0,1,0%,71
https://www.popmars.com/page/47/?xtohzxkg-11585abcde_htm,0,1,0%,71
https://www.popmars.com/tag/苹果app/page/3/,0,1,0%,71
https://www.popmars.com/page/11/?swkmqlof-234871a_htm,0,1,0%,72
https://www.popmars.com/page/28/?hccolbdv-76553bcd_htm,0,1,0%,72
https://www.popmars.com/page/6/?vxfkcfni-208711g_htm,0,1,0%,72
https://www.popmars.com/page/2/?zxwggzkn-112007abcdefg_htm,0,1,0%,73
https://www.popmars.com/page/25/?qnnxnnuv-61664bcde_htm,0,1,0%,73
https://www.popmars.com/tags/?page=4,0,1,0%,73
https://www.popmars.com/page/45/?vxfkcfni-151081a_htm,0,1,0%,74
https://www.popmars.com/page/50/?swkmqlof-188775ghijk_htm,0,1,0%,74
https://www.popmars.com/安卓app/庄园咖啡厅/,0,1,0%,75
https://www.popmars.com/page/30/?pereqrrj-8770_htm,0,1,0%,75
https://www.popmars.com/page/31/?pereqrrj-142660_htm,0,1,0%,75
https://www.popmars.com/page/56/?hccolbdv-235243bcd_htm,0,1,0%,76
https://www.popmars.com/page/20/?xtohzxkg-77515efghi_htm,0,1,0%,77
https://www.popmars.com/page/21/?vbtwcekg-243734bcde_htm,0,1,0%,77
https://www.popmars.com/page/28/?hccolbdv-227050_htm,0,1,0%,77
https://www.popmars.com/page/32/?zxwggzkn-12855defgh_htm,0,1,0%,77
https://www.popmars.com/ios应用/sid-meiers-civilization-vi-文明6/,0,1,0%,78
https://www.popmars.com/page/46/?rlyqxssz-17890_htm,0,1,0%,78
https://www.popmars.com/page/54/?rlyqxssz-100963cde_htm,0,1,0%,78
https://www.popmars.com/page/55/?rlyqxssz-296551d_htm,0,1,0%,78
https://www.popmars.com/page/58/?qnnxnnuv-298942ab_htm,0,1,0%,78
https://www.popmars.com/page/9/?swkmqlof-9592cd_htm,0,1,0%,78
https://www.popmars.com/page/2/?vbtwcekg-162775efghi_htm,0,1,0%,79
https://www.popmars.com/page/20/?xtohzxkg-83880_htm,0,1,0%,79
https://www.popmars.com/page/21/?rlyqxssz-155777ghijklm_htm,0,1,0%,79
https://www.popmars.com/page/52/?hccolbdv-60243bcd_htm,0,1,0%,79
https://www.popmars.com/page/57/?hccolbdv-99696cdefgh_htm,0,1,0%,79
https://www.popmars.com/page/58/?zxwggzkn-24910_htm,0,1,0%,79
https://www.popmars.com/page/30/?rlyqxssz-97191d_htm,0,1,0%,80
https://www.popmars.com/page/28/?rlyqxssz-106200_htm,0,1,0%,81
https://www.popmars.com/page/31/?vbtwcekg-134480_htm,0,1,0%,81
https://www.popmars.com/page/59/?vkbbnwzd-21172ef_htm,0,1,0%,81
https://www.popmars.com/page/22/?vbtwcekg-134480_htm,0,1,0%,82
https://www.popmars.com/page/27/?vbtwcekg-108249bcdefghij_htm,0,1,0%,82
https://www.popmars.com/page/52/?vkbbnwzd-174670_htm,0,1,0%,82
https://www.popmars.com/page/20/?vkbbnwzd-221475cdefg_htm,0,1,0%,83
https://www.popmars.com/page/53/?xtohzxkg-12850_htm,0,1,0%,83
https://www.popmars.com/page/31/?swkmqlof-35450_htm,0,1,0%,84
https://www.popmars.com/ios应用/geekbench-4/,0,1,0%,85
https://www.popmars.com/page/14/?xtohzxkg-6981c_htm,0,1,0%,85
https://www.popmars.com/page/23/?pereqrrj-290530_htm,0,1,0%,85
https://www.popmars.com/page/28/?rlyqxssz-126401c_htm,0,1,0%,85
https://www.popmars.com/page/41/?vbtwcekg-42089fghijklmn_htm,0,1,0%,86
https://www.popmars.com/安卓app/新小部件kwgt-v4-5-付费-最新/,0,1,0%,87
https://www.popmars.com/page/2/?vbtwcekg-278341a_htm,0,1,0%,87
https://www.popmars.com/page/41/?vkbbnwzd-260781d_htm,0,1,0%,87
https://www.popmars.com/page/20/?qnnxnnuv-255785fghij_htm,0,1,0%,88
https://www.popmars.com/page/38/?vbtwcekg-14670_htm,0,1,0%,88
https://www.popmars.com/page/54/?pereqrrj-223630_htm,0,1,0%,88
https://www.popmars.com/macapp/aiseesoft-iphone-cleaner-mac版-ios设备清理优化工具/,0,1,0%,89
https://www.popmars.com/page/58/?vxfkcfni-176969cdefghijk_htm,0,1,0%,89
https://www.popmars.com/page/59/?vbtwcekg-188218cdefghij_htm,0,1,0%,89
https://www.popmars.com/page/24/?swkmqlof-26527efghijk_htm,0,1,0%,90
https://www.popmars.com/page/59/?vkbbnwzd-238239bcdefghij_htm,0,1,0%,90
https://www.popmars.com/page/59/?vxfkcfni-179140_htm,0,1,0%,90
https://www.popmars.com/page/30/?qnnxnnuv-243594bcde_htm,0,1,0%,91
https://www.popmars.com/page/31/?swkmqlof-273931a_htm,0,1,0%,91
https://www.popmars.com/page/54/?pereqrrj-209120_htm,0,1,0%,91
https://www.popmars.com/page/31/?rlyqxssz-134666abcdef_htm,0,1,0%,92
https://www.popmars.com/page/58/?rlyqxssz-108435fghij_htm,0,1,0%,92
https://www.popmars.com/page/59/?qnnxnnuv-154197bcdefgh_htm,0,1,0%,92
https://www.popmars.com/page/17/?zxwggzkn-195950_htm,0,1,0%,93
https://www.popmars.com/page/48/?hccolbdv-1300_htm,0,1,0%,93
https://www.popmars.com/page/50/?vxfkcfni-41010_htm,0,1,0%,93
https://www.popmars.com/page/25/?qnnxnnuv-35580_htm,0,1,0%,94
https://www.popmars.com/page/26/?rlyqxssz-50582ab_htm,0,1,0%,94
https://www.popmars.com/page/48/?qnnxnnuv-177522cd_htm,0,1,0%,94
https://www.popmars.com/page/54/?vxfkcfni-138311f_htm,0,1,0%,94
https://www.popmars.com/page/13/?vkbbnwzd-191134ghij_htm,0,1,0%,95
https://www.popmars.com/page/28/?zxwggzkn-242783cde_htm,0,1,0%,95
https://www.popmars.com/page/36/?swkmqlof-35450_htm,0,1,0%,95
https://www.popmars.com/page/40/?swkmqlof-4732ab_htm,0,1,0%,95
https://www.popmars.com/page/23/?zxwggzkn-13711f_htm,0,1,0%,96
https://www.popmars.com/page/3/?hccolbdv-60243bcd_htm,0,1,0%,96
https://www.popmars.com/page/4/?hccolbdv-15848abcdefgh_htm,0,1,0%,96
https://www.popmars.com/page/15/?vkbbnwzd-173963ghi_htm,0,1,0%,97
https://www.popmars.com/page/24/?zxwggzkn-12855defgh_htm,0,1,0%,97
https://www.popmars.com/page/28/?qnnxnnuv-84805abcde_htm,0,1,0%,97
https://www.popmars.com/page/28/?vxfkcfni-90900_htm,0,1,0%,97
https://www.popmars.com/page/56/?qnnxnnuv-84805abcde_htm,0,1,0%,97
https://www.popmars.com/page/25/?qnnxnnuv-18446bcdefg_htm,0,1,0%,98
https://www.popmars.com/page/41/?zxwggzkn-125231b_htm,0,1,0%,98
https://www.popmars.com/tag/html模板/page/20/?order=date&cao_type=0,0,1,0%,98
https://www.popmars.com/page/41/?vkbbnwzd-203805abcde_htm,0,1,0%,99
https://www.popmars.com/page/44/?xtohzxkg-79071g_htm,0,1,0%,99
https://www.popmars.com/page/51/?vxfkcfni-217692gh_htm,0,1,0%,99
https://www.popmars.com/page/6/?swkmqlof-295234cdef_htm,0,1,0%,99
https://www.popmars.com/安卓app/primenap-pro睡眠追踪器/,0,1,0%,100
https://www.popmars.com/page/2/?qnnxnnuv-47561d_htm,0,1,0%,100
https://www.popmars.com/page/43/?vbtwcekg-162775efghi_htm,0,1,0%,100
https://www.popmars.com/page/59/?xtohzxkg-17211f_htm,0,1,0%,101
https://www.popmars.com/page/8/?vxfkcfni-100875fghij_htm,0,1,0%,101
https://www.popmars.com/page/23/?vkbbnwzd-256356cdefgh_htm,0,1,0%,102
https://www.popmars.com/page/33/?vbtwcekg-147040_htm,0,1,0%,102
https://www.popmars.com/page/7/?rlyqxssz-50582ab_htm,0,1,0%,102
https://www.popmars.com/page/53/?vxfkcfni-88884fghi_htm,0,1,0%,103
https://www.popmars.com/page/18/?pereqrrj-196483abc_htm,0,1,0%,104
https://www.popmars.com/page/15/?xtohzxkg-70291e_htm,0,1,0%,105
https://www.popmars.com/page/35/?vkbbnwzd-5431g_htm,0,1,0%,105
https://www.popmars.com/page/55/?zxwggzkn-13711f_htm,0,1,0%,106
https://www.popmars.com/page/9/?zxwggzkn-87175efghi_htm,0,1,0%,106
https://www.popmars.com/page/56/?vxfkcfni-138311f_htm,0,1,0%,107
https://www.popmars.com/page/16/?hccolbdv-15271e_htm,0,1,0%,108
https://www.popmars.com/page/34/?xtohzxkg-136800_htm,0,1,0%,108
https://www.popmars.com/page/59/?xtohzxkg-182723cde_htm,0,1,0%,108
https://www.popmars.com/page/29/?vbtwcekg-82391b_htm,0,1,0%,109
https://www.popmars.com/page/3/?hccolbdv-6801e_htm,0,1,0%,109
https://www.popmars.com/page/48/?vkbbnwzd-285031f_htm,0,1,0%,109
https://www.popmars.com/page/8/?vkbbnwzd-294613efg_htm,0,1,0%,109
https://www.popmars.com/page/59/?hccolbdv-82177efghijk_htm,0,1,0%,111
https://www.popmars.com/page/16/?pereqrrj-3290_htm,0,1,0%,112
https://www.popmars.com/page/25/?swkmqlof-215670_htm,0,1,0%,112
https://www.popmars.com/page/18/?pereqrrj-5873abc_htm,0,1,0%,113
https://www.popmars.com/page/22/?xtohzxkg-83880_htm,0,1,0%,113
https://www.popmars.com/page/31/?vxfkcfni-111420_htm,0,1,0%,114
https://www.popmars.com/page/38/?rlyqxssz-50582ab_htm,0,1,0%,115
https://www.popmars.com/page/27/?hccolbdv-131902bc_htm,0,1,0%,116
https://www.popmars.com/page/46/?rlyqxssz-126401c_htm,0,1,0%,116
https://www.popmars.com/page/51/?vbtwcekg-17630_htm,0,1,0%,116
https://www.popmars.com/page/7/?vxfkcfni-176969cdefghijk_htm,0,1,0%,116
https://www.popmars.com/page/52/?pereqrrj-192579cdefghijk_htm,0,1,0%,117
https://www.popmars.com/page/6/?hccolbdv-20820_htm,0,1,0%,117
https://www.popmars.com/page/59/?rlyqxssz-149630_htm,0,1,0%,118
https://www.popmars.com/page/57/?pereqrrj-7130_htm,0,1,0%,119
https://www.popmars.com/page/48/?pereqrrj-61024fghi_htm,0,1,0%,120
https://www.popmars.com/page/34/?rlyqxssz-282930_htm,0,1,0%,121
https://www.popmars.com/page/28/?swkmqlof-4778efghijkl_htm,0,1,0%,122
https://www.popmars.com/page/58/?qnnxnnuv-84805abcde_htm,0,1,0%,122
https://www.popmars.com/page/22/?qnnxnnuv-45101a_htm,0,1,0%,123
https://www.popmars.com/page/32/?hccolbdv-15271e_htm,0,1,0%,123
https://www.popmars.com/page/39/?hccolbdv-117190_htm,0,1,0%,125
https://www.popmars.com/page/56/?hccolbdv-103575defgh_htm,0,1,0%,126
https://www.popmars.com/page/52/?pereqrrj-245554bcde_htm,0,1,0%,127
https://www.popmars.com/page/21/?zxwggzkn-89372de_htm,0,1,0%,128
https://www.popmars.com/page/59/?vbtwcekg-224511a_htm,0,1,0%,128
https://www.popmars.com/page/32/?swkmqlof-100197ghijklm_htm,0,1,0%,129
https://www.popmars.com/page/35/?pereqrrj-251656ghijkl_htm,0,1,0%,129
https://www.popmars.com/page/9/?zxwggzkn-282290_htm,0,1,0%,129
https://www.popmars.com/page/48/?vxfkcfni-262872bc_htm,0,1,0%,130
https://www.popmars.com/page/59/?hccolbdv-161100_htm,0,1,0%,131
https://www.popmars.com/page/22/?hccolbdv-283486abcdef_htm,0,1,0%,132
https://www.popmars.com/page/19/?xtohzxkg-70291e_htm,0,1,0%,134
https://www.popmars.com/page/48/?qnnxnnuv-239831e_htm,0,1,0%,134
https://www.popmars.com/page/53/?xtohzxkg-79071g_htm,0,1,0%,135
https://www.popmars.com/tag/苹果app/page/8/,0,1,0%,135
https://www.popmars.com/page/58/?qnnxnnuv-108236cdefgh_htm,0,1,0%,136
https://www.popmars.com/page/19/?vxfkcfni-103113def_htm,0,1,0%,138
https://www.popmars.com/page/59/?vxfkcfni-263830_htm,0,1,0%,138
https://www.popmars.com/page/48/?vxfkcfni-217692gh_htm,0,1,0%,140
https://www.popmars.com/page/58/?vxfkcfni-145108fghijklm_htm,0,1,0%,140
https://www.popmars.com/page/24/?vxfkcfni-42950_htm,0,1,0%,141
https://www.popmars.com/page/45/?hccolbdv-15271e_htm,0,1,0%,141
https://www.popmars.com/page/38/?rlyqxssz-126401c_htm,0,1,0%,142
https://www.popmars.com/page/16/?hccolbdv-297291b_htm,0,1,0%,143
https://www.popmars.com/page/23/?vkbbnwzd-52696abcdef_htm,0,1,0%,143
https://www.popmars.com/page/37/?pereqrrj-52632gh_htm,0,1,0%,143
https://www.popmars.com/page/31/?swkmqlof-215670_htm,0,1,0%,145
https://www.popmars.com/page/13/?zxwggzkn-98580_htm,0,1,0%,146
https://www.popmars.com/page/43/?zxwggzkn-298847defghij_htm,0,1,0%,147
https://www.popmars.com/page/9/?rlyqxssz-68885fghij_htm,0,1,0%,147
https://www.popmars.com/page/36/?xtohzxkg-121930_htm,0,1,0%,148
https://www.popmars.com/page/58/?zxwggzkn-24151b_htm,0,1,0%,149
https://www.popmars.com/page/59/?zxwggzkn-68401e_htm,0,1,0%,149
https://www.popmars.com/page/52/?vkbbnwzd-285031f_htm,0,1,0%,150
https://www.popmars.com/page/58/?swkmqlof-129408ghijklmn_htm,0,1,0%,150
https://www.popmars.com/page/7/?hccolbdv-144621b_htm,0,1,0%,150
https://www.popmars.com/page/39/?qnnxnnuv-135699efghijklm_htm,0,1,0%,151
https://www.popmars.com/page/48/?pereqrrj-37265efghi_htm,0,1,0%,151
https://www.popmars.com/page/13/?xtohzxkg-135451b_htm,0,1,0%,152
https://www.popmars.com/page/21/?rlyqxssz-50582ab_htm,0,1,0%,152
https://www.popmars.com/page/59/?swkmqlof-188775ghijk_htm,0,1,0%,153
https://www.popmars.com/page/8/?qnnxnnuv-243798cdefghij_htm,0,1,0%,156
https://www.popmars.com/page/9/?zxwggzkn-13711f_htm,0,1,0%,156
https://www.popmars.com/page/37/?zxwggzkn-268852de_htm,0,1,0%,158
https://www.popmars.com/page/58/?pereqrrj-264490_htm,0,1,0%,158
https://www.popmars.com/page/34/?rlyqxssz-206811d_htm,0,1,0%,159
https://www.popmars.com/page/42/?zxwggzkn-24151b_htm,0,1,0%,159
https://www.popmars.com/page/22/?zxwggzkn-98580_htm,0,1,0%,160
https://www.popmars.com/page/56/?xtohzxkg-49776ghijkl_htm,0,1,0%,161
https://www.popmars.com/page/25/?hccolbdv-248792fg_htm,0,1,0%,162
https://www.popmars.com/page/56/?pereqrrj-206294efgh_htm,0,1,0%,166
https://www.popmars.com/page/42/?pereqrrj-98262de_htm,0,1,0%,167
https://www.popmars.com/page/42/?swkmqlof-72319cdefghijk_htm,0,1,0%,167
https://www.popmars.com/page/18/?pereqrrj-5320_htm,0,1,0%,169
https://www.popmars.com/page/58/?hccolbdv-275988ghijklmn_htm,0,1,0%,170